scenario,tariff_plan_code_from,tariff_plan_code_to,arpu_segment,arpu_change_pct,conversion_rate
history_shift,tariff_1,tariff_1,HIGH,0.0,0.5
history_shift,tariff_1,tariff_10,HIGH,0.025096244356064445,0.5
history_shift,tariff_1,tariff_11,HIGH,0.22183404024539238,0.5
history_shift,tariff_1,tariff_12,HIGH,0.3340433040480216,0.5
history_shift,tariff_1,tariff_13,HIGH,0.07128219078221208,0.5
history_shift,tariff_1,tariff_14,HIGH,-0.26174855773995964,0.5
history_shift,tariff_1,tariff_15,HIGH,-0.06750794093745685,0.5
history_shift,tariff_1,tariff_16,HIGH,0.026255159603061518,0.5
history_shift,tariff_1,tariff_17,HIGH,-0.006880989366805132,0.5
history_shift,tariff_1,tariff_18,HIGH,0.011240086868067687,0.5
history_shift,tariff_1,tariff_19,HIGH,-0.1629208541197207,0.5
history_shift,tariff_1,tariff_2,HIGH,-0.1224706120718379,0.5
history_shift,tariff_1,tariff_20,HIGH,-0.35905243978001344,0.5
history_shift,tariff_1,tariff_21,HIGH,0.2688609570419036,0.5
history_shift,tariff_1,tariff_3,HIGH,-0.03668740971139774,0.5
history_shift,tariff_1,tariff_4,HIGH,0.15925462213227362,0.5
history_shift,tariff_1,tariff_5,HIGH,0.10368125554413861,0.5
history_shift,tariff_1,tariff_6,HIGH,-0.0038876985913451,0.5
history_shift,tariff_1,tariff_7,HIGH,-0.08280932645595834,0.5
history_shift,tariff_1,tariff_8,HIGH,-0.03355898094289149,0.5
history_shift,tariff_1,tariff_9,HIGH,-0.056035699463222344,0.5
history_shift,tariff_1,tariff_1,LOW,0.0,0.5
history_shift,tariff_1,tariff_10,LOW,0.15921657778398138,0.5
history_shift,tariff_1,tariff_11,LOW,0.204663691671134,0.5
history_shift,tariff_1,tariff_12,LOW,0.1434948949637282,0.5
history_shift,tariff_1,tariff_13,LOW,0.19646173618118162,0.5
history_shift,tariff_1,tariff_14,LOW,0.11481350847191227,0.5
history_shift,tariff_1,tariff_15,LOW,-0.006175214251904065,0.5
history_shift,tariff_1,tariff_16,LOW,-0.336557190455234,0.5
history_shift,tariff_1,tariff_17,LOW,-0.05275772580916077,0.5
history_shift,tariff_1,tariff_18,LOW,-0.39902496732900417,0.5
history_shift,tariff_1,tariff_19,LOW,0.3284170389170612,0.5
history_shift,tariff_1,tariff_2,LOW,0.2646467380851908,0.5
history_shift,tariff_1,tariff_20,LOW,0.32885244042287287,0.5
history_shift,tariff_1,tariff_21,LOW,-0.1613238611544966,0.5
history_shift,tariff_1,tariff_3,LOW,0.08872251130228756,0.5
history_shift,tariff_1,tariff_4,LOW,0.47414949100111803,0.5
history_shift,tariff_1,tariff_5,LOW,-0.3304471879381181,0.5
history_shift,tariff_1,tariff_6,LOW,-0.019196919748573862,0.5
history_shift,tariff_1,tariff_7,LOW,0.09957450676614472,0.5
history_shift,tariff_1,tariff_8,LOW,0.42281459571701907,0.5
history_shift,tariff_1,tariff_9,LOW,0.6301185936578056,0.5
history_shift,tariff_1,tariff_1,MID,0.0,0.5
history_shift,tariff_1,tariff_10,MID,-0.09737147272257413,0.5
history_shift,tariff_1,tariff_11,MID,-0.1957286502155621,0.5
history_shift,tariff_1,tariff_12,MID,0.07693644018272239,0.5
history_shift,tariff_1,tariff_13,MID,0.10760438486087597,0.5
history_shift,tariff_1,tariff_14,MID,-0.23275319574958295,0.5
history_shift,tariff_1,tariff_15,MID,-0.139058357775623,0.5
history_shift,tariff_1,tariff_16,MID,-0.04934158866341547,0.5
history_shift,tariff_1,tariff_17,MID,-0.29802858500619456,0.5
history_shift,tariff_1,tariff_18,MID,0.31293399320826254,0.5
history_shift,tariff_1,tariff_19,MID,0.15168870905043425,0.5
history_shift,tariff_1,tariff_2,MID,0.205273475749196,0.5
history_shift,tariff_1,tariff_20,MID,-0.1721773297276465,0.5
history_shift,tariff_1,tariff_21,MID,0.2678977588240683,0.5
history_shift,tariff_1,tariff_3,MID,-0.07792688518884475,0.5
history_shift,tariff_1,tariff_4,MID,-0.10335683631163017,0.5
history_shift,tariff_1,tariff_5,MID,0.23028981595362125,0.5
history_shift,tariff_1,tariff_6,MID,-0.2617023239798807,0.5
history_shift,tariff_1,tariff_7,MID,-0.05569351066126817,0.5
history_shift,tariff_1,tariff_8,MID,0.4196364235690516,0.5
history_shift,tariff_1,tariff_9,MID,0.24062221302652476,0.5
history_shift,tariff_10,tariff_1,HIGH,0.37594813268910793,0.5
history_shift,tariff_10,tariff_10,HIGH,0.0,0.5
history_shift,tariff_10,tariff_11,HIGH,-0.34507141409092734,0.5
history_shift,tariff_10,tariff_12,HIGH,-0.16615467547028367,0.5
history_shift,tariff_10,tariff_13,HIGH,-0.12701252769356366,0.5
history_shift,tariff_10,tariff_14,HIGH,0.05605563169877546,0.5
history_shift,tariff_10,tariff_15,HIGH,-0.06485961897378881,0.5
history_shift,tariff_10,tariff_16,HIGH,0.009207867754490891,0.5
history_shift,tariff_10,tariff_17,HIGH,-0.39603801420886775,0.5
history_shift,tariff_10,tariff_18,HIGH,0.2644962301804321,0.5
history_shift,tariff_10,tariff_19,HIGH,-0.07606328089175737,0.5
history_shift,tariff_10,tariff_2,HIGH,-0.2055568529142738,0.5
history_shift,tariff_10,tariff_20,HIGH,-0.058318245575791766,0.5
history_shift,tariff_10,tariff_21,HIGH,0.053318251211653914,0.5
history_shift,tariff_10,tariff_3,HIGH,-0.02659470935679492,0.5
history_shift,tariff_10,tariff_4,HIGH,-0.3140775928940035,0.5
history_shift,tariff_10,tariff_5,HIGH,0.25829192327809614,0.5
history_shift,tariff_10,tariff_6,HIGH,-0.05476524237454976,0.5
history_shift,tariff_10,tariff_7,HIGH,-0.11497549005496782,0.5
history_shift,tariff_10,tariff_8,HIGH,-0.046375520683118836,0.5
history_shift,tariff_10,tariff_9,HIGH,0.0342285672060403,0.5
history_shift,tariff_10,tariff_1,LOW,0.0974450524611408,0.5
history_shift,tariff_10,tariff_10,LOW,0.0,0.5
history_shift,tariff_10,tariff_11,LOW,-0.38248347249376863,0.5
history_shift,tariff_10,tariff_12,LOW,-0.04556025640762415,0.5
history_shift,tariff_10,tariff_13,LOW,-0.04662446759715112,0.5
history_shift,tariff_10,tariff_14,LOW,0.0006191190702065398,0.5
history_shift,tariff_10,tariff_15,LOW,0.11749111309254354,0.5
history_shift,tariff_10,tariff_16,LOW,0.14120513422500441,0.5
history_shift,tariff_10,tariff_17,LOW,-0.17530033828965477,0.5
history_shift,tariff_10,tariff_18,LOW,-0.2018682054572686,0.5
history_shift,tariff_10,tariff_19,LOW,0.1255632268523746,0.5
history_shift,tariff_10,tariff_2,LOW,0.11050895961784044,0.5
history_shift,tariff_10,tariff_20,LOW,-0.04534721548664977,0.5
history_shift,tariff_10,tariff_21,LOW,0.20594509912252495,0.5
history_shift,tariff_10,tariff_3,LOW,-0.1379620125089404,0.5
history_shift,tariff_10,tariff_4,LOW,-0.07404213833792109,0.5
history_shift,tariff_10,tariff_5,LOW,-0.06516386821047829,0.5
history_shift,tariff_10,tariff_6,LOW,-0.22628141028383966,0.5
history_shift,tariff_10,tariff_7,LOW,-0.2376983619999681,0.5
history_shift,tariff_10,tariff_8,LOW,0.1172246032138834,0.5
history_shift,tariff_10,tariff_9,LOW,0.687157230150246,0.5
history_shift,tariff_10,tariff_1,MID,0.0793187311321496,0.5
history_shift,tariff_10,tariff_10,MID,0.0,0.5
history_shift,tariff_10,tariff_11,MID,0.15017701833912836,0.5
history_shift,tariff_10,tariff_12,MID,0.06632828150057138,0.5
history_shift,tariff_10,tariff_13,MID,-0.2790088716375095,0.5
history_shift,tariff_10,tariff_14,MID,0.28997433791105154,0.5
history_shift,tariff_10,tariff_15,MID,0.16891012559162483,0.5
history_shift,tariff_10,tariff_16,MID,0.3518002799099298,0.5
history_shift,tariff_10,tariff_17,MID,0.3456472903718969,0.5
history_shift,tariff_10,tariff_18,MID,0.09523858738061441,0.5
history_shift,tariff_10,tariff_19,MID,0.1971148721246247,0.5
history_shift,tariff_10,tariff_2,MID,-0.15008109452118326,0.5
history_shift,tariff_10,tariff_20,MID,0.09602826875090258,0.5
history_shift,tariff_10,tariff_21,MID,-0.1442060880749996,0.5
history_shift,tariff_10,tariff_3,MID,-0.0885587876058138,0.5
history_shift,tariff_10,tariff_4,MID,0.17795723536162403,0.5
history_shift,tariff_10,tariff_5,MID,-0.010170417954669081,0.5
history_shift,tariff_10,tariff_6,MID,0.23769943443128447,0.5
history_shift,tariff_10,tariff_7,MID,-0.2995517191056749,0.5
history_shift,tariff_10,tariff_8,MID,-0.0550265485143263,0.5
history_shift,tariff_10,tariff_9,MID,0.012348915468781672,0.5
history_shift,tariff_11,tariff_1,HIGH,0.4124443649227113,0.5
history_shift,tariff_11,tariff_10,HIGH,0.19608754892164662,0.5
history_shift,tariff_11,tariff_11,HIGH,0.0,0.5
history_shift,tariff_11,tariff_12,HIGH,-0.06998399321644069,0.5
history_shift,tariff_11,tariff_13,HIGH,-0.18325825742574145,0.5
history_shift,tariff_11,tariff_14,HIGH,0.13458367158133056,0.5
history_shift,tariff_11,tariff_15,HIGH,0.05824679976423137,0.5
history_shift,tariff_11,tariff_16,HIGH,0.1098306043179128,0.5
history_shift,tariff_11,tariff_17,HIGH,-0.29742560449533717,0.5
history_shift,tariff_11,tariff_18,HIGH,-0.10090760227494094,0.5
history_shift,tariff_11,tariff_19,HIGH,0.2784645147015212,0.5
history_shift,tariff_11,tariff_2,HIGH,-0.07542542903822008,0.5
history_shift,tariff_11,tariff_20,HIGH,0.020886366473869114,0.5
history_shift,tariff_11,tariff_21,HIGH,0.1962899000658369,0.5
history_shift,tariff_11,tariff_3,HIGH,0.15248890870202322,0.5
history_shift,tariff_11,tariff_4,HIGH,0.24767011495640098,0.5
history_shift,tariff_11,tariff_5,HIGH,-0.13874222911822615,0.5
history_shift,tariff_11,tariff_6,HIGH,0.2842551728361621,0.5
history_shift,tariff_11,tariff_7,HIGH,-0.2019180499316147,0.5
history_shift,tariff_11,tariff_8,HIGH,0.24267874277815202,0.5
history_shift,tariff_11,tariff_9,HIGH,-0.04198321928899902,0.5
history_shift,tariff_11,tariff_1,LOW,0.12534150376139386,0.5
history_shift,tariff_11,tariff_10,LOW,0.06690002723687798,0.5
history_shift,tariff_11,tariff_11,LOW,0.0,0.5
history_shift,tariff_11,tariff_12,LOW,0.0912784250266065,0.5
history_shift,tariff_11,tariff_13,LOW,-0.0945364544676515,0.5
history_shift,tariff_11,tariff_14,LOW,-0.19635127274486125,0.5
history_shift,tariff_11,tariff_15,LOW,-0.2590693731957767,0.5
history_shift,tariff_11,tariff_16,LOW,-0.5506274409171993,0.5
history_shift,tariff_11,tariff_17,LOW,0.2560348150325765,0.5
history_shift,tariff_11,tariff_18,LOW,-0.0019885109535589945,0.5
history_shift,tariff_11,tariff_19,LOW,-0.14703188432848002,0.5
history_shift,tariff_11,tariff_2,LOW,0.03551259970842402,0.5
history_shift,tariff_11,tariff_20,LOW,0.39000354199723575,0.5
history_shift,tariff_11,tariff_21,LOW,-0.2053340736487626,0.5
history_shift,tariff_11,tariff_3,LOW,0.3707396215148473,0.5
history_shift,tariff_11,tariff_4,LOW,0.15179355003068837,0.5
history_shift,tariff_11,tariff_5,LOW,0.34968902892796827,0.5
history_shift,tariff_11,tariff_6,LOW,0.36011359479383676,0.5
history_shift,tariff_11,tariff_7,LOW,-0.12624048710874813,0.5
history_shift,tariff_11,tariff_8,LOW,-0.13542531262521157,0.5
history_shift,tariff_11,tariff_9,LOW,0.22365301163783086,0.5
history_shift,tariff_11,tariff_1,MID,0.026541810708359082,0.5
history_shift,tariff_11,tariff_10,MID,0.1948906602482143,0.5
history_shift,tariff_11,tariff_11,MID,0.0,0.5
history_shift,tariff_11,tariff_12,MID,-0.19260642020021107,0.5
history_shift,tariff_11,tariff_13,MID,-0.0258052883158462,0.5
history_shift,tariff_11,tariff_14,MID,0.12022421356878756,0.5
history_shift,tariff_11,tariff_15,MID,0.049449191359494535,0.5
history_shift,tariff_11,tariff_16,MID,-0.14802016167116602,0.5
history_shift,tariff_11,tariff_17,MID,-0.2748484319736969,0.5
history_shift,tariff_11,tariff_18,MID,0.08353007661366985,0.5
history_shift,tariff_11,tariff_19,MID,0.09274750049241566,0.5
history_shift,tariff_11,tariff_2,MID,0.026454336606367656,0.5
history_shift,tariff_11,tariff_20,MID,0.08665683875694802,0.5
history_shift,tariff_11,tariff_21,MID,0.009917665831266256,0.5
history_shift,tariff_11,tariff_3,MID,-0.060878874352454135,0.5
history_shift,tariff_11,tariff_4,MID,-0.2513894654775404,0.5
history_shift,tariff_11,tariff_5,MID,-0.030145033610836543,0.5
history_shift,tariff_11,tariff_6,MID,-0.11045958766335576,0.5
history_shift,tariff_11,tariff_7,MID,0.1739522134381129,0.5
history_shift,tariff_11,tariff_8,MID,0.04614526194634189,0.5
history_shift,tariff_11,tariff_9,MID,-0.11392829551565321,0.5
history_shift,tariff_12,tariff_1,HIGH,0.06371032537677475,0.5
history_shift,tariff_12,tariff_10,HIGH,-0.005782801165090074,0.5
history_shift,tariff_12,tariff_11,HIGH,0.16896527093054714,0.5
history_shift,tariff_12,tariff_12,HIGH,0.0,0.5
history_shift,tariff_12,tariff_13,HIGH,-0.2716888665900033,0.5
history_shift,tariff_12,tariff_14,HIGH,-0.19397944568993,0.5
history_shift,tariff_12,tariff_15,HIGH,0.0794225659734427,0.5
history_shift,tariff_12,tariff_16,HIGH,0.26904085273084055,0.5
history_shift,tariff_12,tariff_17,HIGH,-0.11167635706314799,0.5
history_shift,tariff_12,tariff_18,HIGH,0.0424492671850454,0.5
history_shift,tariff_12,tariff_19,HIGH,0.045437581705129335,0.5
history_shift,tariff_12,tariff_2,HIGH,0.14632458790197617,0.5
history_shift,tariff_12,tariff_20,HIGH,-0.3375637435438362,0.5
history_shift,tariff_12,tariff_21,HIGH,-0.17288540517234224,0.5
history_shift,tariff_12,tariff_3,HIGH,0.2482546689101965,0.5
history_shift,tariff_12,tariff_4,HIGH,0.1384055191602347,0.5
history_shift,tariff_12,tariff_5,HIGH,0.3027717103879256,0.5
history_shift,tariff_12,tariff_6,HIGH,0.18164625050378588,0.5
history_shift,tariff_12,tariff_7,HIGH,0.10836932363502291,0.5
history_shift,tariff_12,tariff_8,HIGH,-0.07899839062893865,0.5
history_shift,tariff_12,tariff_9,HIGH,-0.35321417766130275,0.5
history_shift,tariff_12,tariff_1,LOW,-0.21533148705307262,0.5
history_shift,tariff_12,tariff_10,LOW,-0.4831829643605188,0.5
history_shift,tariff_12,tariff_11,LOW,0.40660831113525164,0.5
history_shift,tariff_12,tariff_12,LOW,0.0,0.5
history_shift,tariff_12,tariff_13,LOW,-0.2919377287552351,0.5
history_shift,tariff_12,tariff_14,LOW,-0.0637019081406077,0.5
history_shift,tariff_12,tariff_15,LOW,-0.17602881958624578,0.5
history_shift,tariff_12,tariff_16,LOW,-0.10526881908255531,0.5
history_shift,tariff_12,tariff_17,LOW,-0.20937244637584465,0.5
history_shift,tariff_12,tariff_18,LOW,-0.259604341081734,0.5
history_shift,tariff_12,tariff_19,LOW,-0.17604948254276787,0.5
history_shift,tariff_12,tariff_2,LOW,0.0997042507453173,0.5
history_shift,tariff_12,tariff_20,LOW,-0.2133290368530634,0.5
history_shift,tariff_12,tariff_21,LOW,-0.055238446410298084,0.5
history_shift,tariff_12,tariff_3,LOW,0.041710781420235266,0.5
history_shift,tariff_12,tariff_4,LOW,-0.07738031039797963,0.5
history_shift,tariff_12,tariff_5,LOW,-0.16005704174777038,0.5
history_shift,tariff_12,tariff_6,LOW,-0.2185814330803272,0.5
history_shift,tariff_12,tariff_7,LOW,-0.04384044326416826,0.5
history_shift,tariff_12,tariff_8,LOW,0.5477992426856366,0.5
history_shift,tariff_12,tariff_9,LOW,-0.04400062115511721,0.5
history_shift,tariff_12,tariff_1,MID,-0.3058018357542979,0.5
history_shift,tariff_12,tariff_10,MID,0.2090725157202644,0.5
history_shift,tariff_12,tariff_11,MID,0.07681770598744753,0.5
history_shift,tariff_12,tariff_12,MID,0.0,0.5
history_shift,tariff_12,tariff_13,MID,0.08165028874998674,0.5
history_shift,tariff_12,tariff_14,MID,0.3673221693798263,0.5
history_shift,tariff_12,tariff_15,MID,0.08532639710492339,0.5
history_shift,tariff_12,tariff_16,MID,0.2677573065471631,0.5
history_shift,tariff_12,tariff_17,MID,0.08704175650959878,0.5
history_shift,tariff_12,tariff_18,MID,0.02009790453099758,0.5
history_shift,tariff_12,tariff_19,MID,0.054350079595683304,0.5
history_shift,tariff_12,tariff_2,MID,-0.14900106280426442,0.5
history_shift,tariff_12,tariff_20,MID,-0.14704487960605775,0.5
history_shift,tariff_12,tariff_21,MID,0.35115593115917276,0.5
history_shift,tariff_12,tariff_3,MID,0.02125458004412247,0.5
history_shift,tariff_12,tariff_4,MID,0.09129050796786872,0.5
history_shift,tariff_12,tariff_5,MID,0.10731573023641026,0.5
history_shift,tariff_12,tariff_6,MID,0.0299426767935134,0.5
history_shift,tariff_12,tariff_7,MID,-0.29208209251508443,0.5
history_shift,tariff_12,tariff_8,MID,0.7940533923725772,0.5
history_shift,tariff_12,tariff_9,MID,0.05282799516060349,0.5
history_shift,tariff_13,tariff_1,HIGH,-0.3423318070522601,0.5
history_shift,tariff_13,tariff_10,HIGH,0.2179439836830742,0.5
history_shift,tariff_13,tariff_11,HIGH,-0.035810353347841294,0.5
history_shift,tariff_13,tariff_12,HIGH,-0.19899031831183434,0.5
history_shift,tariff_13,tariff_13,HIGH,0.0,0.5
history_shift,tariff_13,tariff_14,HIGH,0.2737589942272038,0.5
history_shift,tariff_13,tariff_15,HIGH,0.07874446810087066,0.5
history_shift,tariff_13,tariff_16,HIGH,0.08549541916725797,0.5
history_shift,tariff_13,tariff_17,HIGH,-0.01758766110826169,0.5
history_shift,tariff_13,tariff_18,HIGH,0.1507755991511465,0.5
history_shift,tariff_13,tariff_19,HIGH,0.32476668248380736,0.5
history_shift,tariff_13,tariff_2,HIGH,-0.37731792879212156,0.5
history_shift,tariff_13,tariff_20,HIGH,0.0644887989142188,0.5
history_shift,tariff_13,tariff_21,HIGH,0.05881246197589,0.5
history_shift,tariff_13,tariff_3,HIGH,0.05479476884943962,0.5
history_shift,tariff_13,tariff_4,HIGH,-0.19415601305225852,0.5
history_shift,tariff_13,tariff_5,HIGH,0.23138933417562998,0.5
history_shift,tariff_13,tariff_6,HIGH,0.11930076026263828,0.5
history_shift,tariff_13,tariff_7,HIGH,-0.2057705812324541,0.5
history_shift,tariff_13,tariff_8,HIGH,0.2485015379410724,0.5
history_shift,tariff_13,tariff_9,HIGH,0.10827323851124716,0.5
history_shift,tariff_13,tariff_1,LOW,0.1577640024849588,0.5
history_shift,tariff_13,tariff_10,LOW,-0.006019395946082862,0.5
history_shift,tariff_13,tariff_11,LOW,0.06421420562133268,0.5
history_shift,tariff_13,tariff_12,LOW,0.5039680210833466,0.5
history_shift,tariff_13,tariff_13,LOW,0.0,0.5
history_shift,tariff_13,tariff_14,LOW,-0.038662898067087614,0.5
history_shift,tariff_13,tariff_15,LOW,0.04994230558848454,0.5
history_shift,tariff_13,tariff_16,LOW,0.4421985694323496,0.5
history_shift,tariff_13,tariff_17,LOW,0.19739888946129114,0.5
history_shift,tariff_13,tariff_18,LOW,0.1133901424733596,0.5
history_shift,tariff_13,tariff_19,LOW,-0.05974002300807538,0.5
history_shift,tariff_13,tariff_2,LOW,0.058973222294626045,0.5
history_shift,tariff_13,tariff_20,LOW,-0.031116085123151303,0.5
history_shift,tariff_13,tariff_21,LOW,0.21038573292436658,0.5
history_shift,tariff_13,tariff_3,LOW,0.06474428673934152,0.5
history_shift,tariff_13,tariff_4,LOW,-0.02405394882704478,0.5
history_shift,tariff_13,tariff_5,LOW,-0.08073447811985258,0.5
history_shift,tariff_13,tariff_6,LOW,-0.25018459852158237,0.5
history_shift,tariff_13,tariff_7,LOW,0.10692299713725935,0.5
history_shift,tariff_13,tariff_8,LOW,0.22983050035723673,0.5
history_shift,tariff_13,tariff_9,LOW,0.24586959802344394,0.5
history_shift,tariff_13,tariff_1,MID,-0.3775488639427462,0.5
history_shift,tariff_13,tariff_10,MID,-0.08301311073178426,0.5
history_shift,tariff_13,tariff_11,MID,0.11701288709695813,0.5
history_shift,tariff_13,tariff_12,MID,0.08304853432656517,0.5
history_shift,tariff_13,tariff_13,MID,0.0,0.5
history_shift,tariff_13,tariff_14,MID,0.029574117608221206,0.5
history_shift,tariff_13,tariff_15,MID,-0.018436827232880287,0.5
history_shift,tariff_13,tariff_16,MID,-0.010801335557378333,0.5
history_shift,tariff_13,tariff_17,MID,0.3284692458025683,0.5
history_shift,tariff_13,tariff_18,MID,-0.05392514163962406,0.5
history_shift,tariff_13,tariff_19,MID,-0.14581791326867957,0.5
history_shift,tariff_13,tariff_2,MID,0.32977922835520634,0.5
history_shift,tariff_13,tariff_20,MID,-0.3182923494576295,0.5
history_shift,tariff_13,tariff_21,MID,0.23752322631799946,0.5
history_shift,tariff_13,tariff_3,MID,-0.014168805738147112,0.5
history_shift,tariff_13,tariff_4,MID,-0.037707099471758446,0.5
history_shift,tariff_13,tariff_5,MID,0.3694032038170545,0.5
history_shift,tariff_13,tariff_6,MID,0.14692282299036716,0.5
history_shift,tariff_13,tariff_7,MID,-0.08107399849987708,0.5
history_shift,tariff_13,tariff_8,MID,0.42220043736835855,0.5
history_shift,tariff_13,tariff_9,MID,0.24591127396207677,0.5
history_shift,tariff_14,tariff_1,HIGH,0.29271991171422757,0.5
history_shift,tariff_14,tariff_10,HIGH,-0.18959986659616265,0.5
history_shift,tariff_14,tariff_11,HIGH,-0.15254740793422913,0.5
history_shift,tariff_14,tariff_12,HIGH,-0.08256320532362944,0.5
history_shift,tariff_14,tariff_13,HIGH,-0.10227119301108449,0.5
history_shift,tariff_14,tariff_14,HIGH,0.0,0.5
history_shift,tariff_14,tariff_15,HIGH,-0.12708460878231898,0.5
history_shift,tariff_14,tariff_16,HIGH,-0.03426709727200469,0.5
history_shift,tariff_14,tariff_17,HIGH,-0.03179193861819277,0.5
history_shift,tariff_14,tariff_18,HIGH,0.1889411478156595,0.5
history_shift,tariff_14,tariff_19,HIGH,0.3614175871835652,0.5
history_shift,tariff_14,tariff_2,HIGH,0.419941765724713,0.5
history_shift,tariff_14,tariff_20,HIGH,0.37230942943280965,0.5
history_shift,tariff_14,tariff_21,HIGH,-0.11590290449383395,0.5
history_shift,tariff_14,tariff_3,HIGH,-0.4358760612141295,0.5
history_shift,tariff_14,tariff_4,HIGH,-0.18935890198268684,0.5
history_shift,tariff_14,tariff_5,HIGH,0.0634430225279804,0.5
history_shift,tariff_14,tariff_6,HIGH,0.09422449084525007,0.5
history_shift,tariff_14,tariff_7,HIGH,0.23673247707437625,0.5
history_shift,tariff_14,tariff_8,HIGH,-0.0057367900038484895,0.5
history_shift,tariff_14,tariff_9,HIGH,-0.0050903056585671,0.5
history_shift,tariff_14,tariff_1,LOW,0.256369518838798,0.5
history_shift,tariff_14,tariff_10,LOW,-0.25607942672307743,0.5
history_shift,tariff_14,tariff_11,LOW,-0.20159281401552057,0.5
history_shift,tariff_14,tariff_12,LOW,-0.14576626706243714,0.5
history_shift,tariff_14,tariff_13,LOW,0.03577404889281809,0.5
history_shift,tariff_14,tariff_14,LOW,0.0,0.5
history_shift,tariff_14,tariff_15,LOW,-0.3194050849472607,0.5
history_shift,tariff_14,tariff_16,LOW,0.11099719912066536,0.5
history_shift,tariff_14,tariff_17,LOW,0.13813061046065128,0.5
history_shift,tariff_14,tariff_18,LOW,0.18795033148279913,0.5
history_shift,tariff_14,tariff_19,LOW,-0.3024899996931357,0.5
history_shift,tariff_14,tariff_2,LOW,0.20080337831556175,0.5
history_shift,tariff_14,tariff_20,LOW,-0.020926627110204266,0.5
history_shift,tariff_14,tariff_21,LOW,0.27436678282547633,0.5
history_shift,tariff_14,tariff_3,LOW,0.10724266250069212,0.5
history_shift,tariff_14,tariff_4,LOW,0.2445324437696343,0.5
history_shift,tariff_14,tariff_5,LOW,-0.12276628620346308,0.5
history_shift,tariff_14,tariff_6,LOW,0.1233126486768829,0.5
history_shift,tariff_14,tariff_7,LOW,-0.00692404949180115,0.5
history_shift,tariff_14,tariff_8,LOW,-0.03113986041469574,0.5
history_shift,tariff_14,tariff_9,LOW,0.5853581018842892,0.5
history_shift,tariff_14,tariff_1,MID,0.2739994171521024,0.5
history_shift,tariff_14,tariff_10,MID,-0.11205107487225316,0.5
history_shift,tariff_14,tariff_11,MID,0.1469915136585324,0.5
history_shift,tariff_14,tariff_12,MID,0.050584037794264236,0.5
history_shift,tariff_14,tariff_13,MID,0.13413015138066664,0.5
history_shift,tariff_14,tariff_14,MID,0.0,0.5
history_shift,tariff_14,tariff_15,MID,0.2204731450559497,0.5
history_shift,tariff_14,tariff_16,MID,0.11455017501420836,0.5
history_shift,tariff_14,tariff_17,MID,0.22978601734809323,0.5
history_shift,tariff_14,tariff_18,MID,-0.2690432670869234,0.5
history_shift,tariff_14,tariff_19,MID,-0.14275879789456702,0.5
history_shift,tariff_14,tariff_2,MID,0.13624253464346775,0.5
history_shift,tariff_14,tariff_20,MID,-0.048366349187791965,0.5
history_shift,tariff_14,tariff_21,MID,0.2534362545084361,0.5
history_shift,tariff_14,tariff_3,MID,-0.19238215133671374,0.5
history_shift,tariff_14,tariff_4,MID,0.00011252718039510192,0.5
history_shift,tariff_14,tariff_5,MID,-0.2056023431441809,0.5
history_shift,tariff_14,tariff_6,MID,0.15448976002441656,0.5
history_shift,tariff_14,tariff_7,MID,-0.12074031265731403,0.5
history_shift,tariff_14,tariff_8,MID,0.20585981155149113,0.5
history_shift,tariff_14,tariff_9,MID,0.2111381725615265,0.5
history_shift,tariff_15,tariff_1,HIGH,-0.14846537788957026,0.5
history_shift,tariff_15,tariff_10,HIGH,0.21449125099831337,0.5
history_shift,tariff_15,tariff_11,HIGH,-0.3345472495735645,0.5
history_shift,tariff_15,tariff_12,HIGH,0.03199487377708447,0.5
history_shift,tariff_15,tariff_13,HIGH,-0.24682337094464013,0.5
history_shift,tariff_15,tariff_14,HIGH,-0.26734416754979606,0.5
history_shift,tariff_15,tariff_15,HIGH,0.0,0.5
history_shift,tariff_15,tariff_16,HIGH,0.19317442036368515,0.5
history_shift,tariff_15,tariff_17,HIGH,0.22982608222259135,0.5
history_shift,tariff_15,tariff_18,HIGH,0.08825589799835709,0.5
history_shift,tariff_15,tariff_19,HIGH,-0.10208253059968256,0.5
history_shift,tariff_15,tariff_2,HIGH,-0.16603265684657934,0.5
history_shift,tariff_15,tariff_20,HIGH,0.0428894348888733,0.5
history_shift,tariff_15,tariff_21,HIGH,0.27209867984607644,0.5
history_shift,tariff_15,tariff_3,HIGH,-0.0913371617490967,0.5
history_shift,tariff_15,tariff_4,HIGH,0.06225018669386448,0.5
history_shift,tariff_15,tariff_5,HIGH,0.1431725992994612,0.5
history_shift,tariff_15,tariff_6,HIGH,-0.09256560150985063,0.5
history_shift,tariff_15,tariff_7,HIGH,-0.26625015380758443,0.5
history_shift,tariff_15,tariff_8,HIGH,0.388354135271295,0.5
history_shift,tariff_15,tariff_9,HIGH,-0.17383801554475267,0.5
history_shift,tariff_15,tariff_1,LOW,0.10815405968448225,0.5
history_shift,tariff_15,tariff_10,LOW,-0.2132318618203022,0.5
history_shift,tariff_15,tariff_11,LOW,-0.29092592646676557,0.5
history_shift,tariff_15,tariff_12,LOW,-0.12541687675980542,0.5
history_shift,tariff_15,tariff_13,LOW,0.3018337480191845,0.5
history_shift,tariff_15,tariff_14,LOW,0.046552245929126275,0.5
history_shift,tariff_15,tariff_15,LOW,0.0,0.5
history_shift,tariff_15,tariff_16,LOW,-0.0166044431497515,0.5
history_shift,tariff_15,tariff_17,LOW,-0.10100090168999554,0.5
history_shift,tariff_15,tariff_18,LOW,0.4754119267019834,0.5
history_shift,tariff_15,tariff_19,LOW,0.029674836778718152,0.5
history_shift,tariff_15,tariff_2,LOW,0.09631043853530923,0.5
history_shift,tariff_15,tariff_20,LOW,-0.0014467969209761566,0.5
history_shift,tariff_15,tariff_21,LOW,0.014894922979737782,0.5
history_shift,tariff_15,tariff_3,LOW,-0.05973444050681262,0.5
history_shift,tariff_15,tariff_4,LOW,-0.2968247098784693,0.5
history_shift,tariff_15,tariff_5,LOW,0.07647267899719087,0.5
history_shift,tariff_15,tariff_6,LOW,0.30103205285366863,0.5
history_shift,tariff_15,tariff_7,LOW,0.21071809109227735,0.5
history_shift,tariff_15,tariff_8,LOW,0.5357994322416837,0.5
history_shift,tariff_15,tariff_9,LOW,0.3226908414983523,0.5
history_shift,tariff_15,tariff_1,MID,-0.15799769838149524,0.5
history_shift,tariff_15,tariff_10,MID,0.270470130509584,0.5
history_shift,tariff_15,tariff_11,MID,0.14969835043669033,0.5
history_shift,tariff_15,tariff_12,MID,-0.010343695434865848,0.5
history_shift,tariff_15,tariff_13,MID,-0.17670525906505088,0.5
history_shift,tariff_15,tariff_14,MID,0.1713291299299416,0.5
history_shift,tariff_15,tariff_15,MID,0.0,0.5
history_shift,tariff_15,tariff_16,MID,-0.09856802079339397,0.5
history_shift,tariff_15,tariff_17,MID,0.1993465912519446,0.5
history_shift,tariff_15,tariff_18,MID,0.1827977526633717,0.5
history_shift,tariff_15,tariff_19,MID,-0.18060118611565085,0.5
history_shift,tariff_15,tariff_2,MID,-0.03638506201202946,0.5
history_shift,tariff_15,tariff_20,MID,0.008804279248653662,0.5
history_shift,tariff_15,tariff_21,MID,-0.3114939235492636,0.5
history_shift,tariff_15,tariff_3,MID,-0.21057957464472277,0.5
history_shift,tariff_15,tariff_4,MID,0.0602202295347306,0.5
history_shift,tariff_15,tariff_5,MID,-0.4189823503697393,0.5
history_shift,tariff_15,tariff_6,MID,0.14678553222897653,0.5
history_shift,tariff_15,tariff_7,MID,0.014719572013169082,0.5
history_shift,tariff_15,tariff_8,MID,-0.11381303212983346,0.5
history_shift,tariff_15,tariff_9,MID,0.16964223523991415,0.5
history_shift,tariff_16,tariff_1,HIGH,0.1004467897914175,0.5
history_shift,tariff_16,tariff_10,HIGH,-0.39127052720470945,0.5
history_shift,tariff_16,tariff_11,HIGH,-0.07336137772234581,0.5
history_shift,tariff_16,tariff_12,HIGH,-0.19332170979703503,0.5
history_shift,tariff_16,tariff_13,HIGH,-0.20022413411746504,0.5
history_shift,tariff_16,tariff_14,HIGH,0.023679060406554403,0.5
history_shift,tariff_16,tariff_15,HIGH,-0.12388838881996508,0.5
history_shift,tariff_16,tariff_16,HIGH,0.0,0.5
history_shift,tariff_16,tariff_17,HIGH,0.09268223749892193,0.5
history_shift,tariff_16,tariff_18,HIGH,0.0304609785314339,0.5
history_shift,tariff_16,tariff_19,HIGH,0.17416271660208127,0.5
history_shift,tariff_16,tariff_2,HIGH,0.07532429240017377,0.5
history_shift,tariff_16,tariff_20,HIGH,-0.021697359196553974,0.5
history_shift,tariff_16,tariff_21,HIGH,-0.032311991906529475,0.5
history_shift,tariff_16,tariff_3,HIGH,-0.4731117588635081,0.5
history_shift,tariff_16,tariff_4,HIGH,-0.09954082584039961,0.5
history_shift,tariff_16,tariff_5,HIGH,-0.11609518845909203,0.5
history_shift,tariff_16,tariff_6,HIGH,0.007417625762055461,0.5
history_shift,tariff_16,tariff_7,HIGH,-0.13802086201448913,0.5
history_shift,tariff_16,tariff_8,HIGH,0.06541743040793459,0.5
history_shift,tariff_16,tariff_9,HIGH,0.02965660079576662,0.5
history_shift,tariff_16,tariff_1,LOW,0.06654045108998682,0.5
history_shift,tariff_16,tariff_10,LOW,0.10927058314380962,0.5
history_shift,tariff_16,tariff_11,LOW,0.02666225447289832,0.5
history_shift,tariff_16,tariff_12,LOW,-0.0022197028384567524,0.5
history_shift,tariff_16,tariff_13,LOW,-0.09184010424192494,0.5
history_shift,tariff_16,tariff_14,LOW,0.032034625636007105,0.5
history_shift,tariff_16,tariff_15,LOW,0.1294622772815396,0.5
history_shift,tariff_16,tariff_16,LOW,0.0,0.5
history_shift,tariff_16,tariff_17,LOW,0.10332111820944756,0.5
history_shift,tariff_16,tariff_18,LOW,-0.07421816844497517,0.5
history_shift,tariff_16,tariff_19,LOW,-0.19994208686230558,0.5
history_shift,tariff_16,tariff_2,LOW,0.10283991426522777,0.5
history_shift,tariff_16,tariff_20,LOW,-0.2144606224286277,0.5
history_shift,tariff_16,tariff_21,LOW,0.37043832981010627,0.5
history_shift,tariff_16,tariff_3,LOW,-0.026517898072483025,0.5
history_shift,tariff_16,tariff_4,LOW,-0.24878317628561125,0.5
history_shift,tariff_16,tariff_5,LOW,-0.2651387562195615,0.5
history_shift,tariff_16,tariff_6,LOW,0.11741205644756758,0.5
history_shift,tariff_16,tariff_7,LOW,-0.12131249202670405,0.5
history_shift,tariff_16,tariff_8,LOW,0.35501577809974316,0.5
history_shift,tariff_16,tariff_9,LOW,0.6571000528185971,0.5
history_shift,tariff_16,tariff_1,MID,-0.33957630114095394,0.5
history_shift,tariff_16,tariff_10,MID,0.22279011045001657,0.5
history_shift,tariff_16,tariff_11,MID,0.0023346815527289164,0.5
history_shift,tariff_16,tariff_12,MID,0.3580862765050846,0.5
history_shift,tariff_16,tariff_13,MID,-0.031117562727079516,0.5
history_shift,tariff_16,tariff_14,MID,0.24816676343422447,0.5
history_shift,tariff_16,tariff_15,MID,0.12944615309608218,0.5
history_shift,tariff_16,tariff_16,MID,0.0,0.5
history_shift,tariff_16,tariff_17,MID,0.08398365023113011,0.5
history_shift,tariff_16,tariff_18,MID,0.12640889333688501,0.5
history_shift,tariff_16,tariff_19,MID,-0.18949363273929531,0.5
history_shift,tariff_16,tariff_2,MID,-0.11727026035925059,0.5
history_shift,tariff_16,tariff_20,MID,0.044320316820864576,0.5
history_shift,tariff_16,tariff_21,MID,0.11382205957938973,0.5
history_shift,tariff_16,tariff_3,MID,-0.002747757896748193,0.5
history_shift,tariff_16,tariff_4,MID,0.18910731990185362,0.5
history_shift,tariff_16,tariff_5,MID,0.007777020598938408,0.5
history_shift,tariff_16,tariff_6,MID,0.18233230683320276,0.5
history_shift,tariff_16,tariff_7,MID,0.4091188249580233,0.5
history_shift,tariff_16,tariff_8,MID,0.24142448172416114,0.5
history_shift,tariff_16,tariff_9,MID,-0.11557839692533606,0.5
history_shift,tariff_17,tariff_1,HIGH,0.04764610881504369,0.5
history_shift,tariff_17,tariff_10,HIGH,-0.16721498655187375,0.5
history_shift,tariff_17,tariff_11,HIGH,-0.22516450006048144,0.5
history_shift,tariff_17,tariff_12,HIGH,-0.06929385933053292,0.5
history_shift,tariff_17,tariff_13,HIGH,0.15496886009260022,0.5
history_shift,tariff_17,tariff_14,HIGH,-0.08456140454712727,0.5
history_shift,tariff_17,tariff_15,HIGH,-0.0515887086887029,0.5
history_shift,tariff_17,tariff_16,HIGH,0.3834305357074216,0.5
history_shift,tariff_17,tariff_17,HIGH,0.0,0.5
history_shift,tariff_17,tariff_18,HIGH,0.047379738492255144,0.5
history_shift,tariff_17,tariff_19,HIGH,0.2568608374334874,0.5
history_shift,tariff_17,tariff_2,HIGH,0.3513961913840302,0.5
history_shift,tariff_17,tariff_20,HIGH,-0.2672950578575728,0.5
history_shift,tariff_17,tariff_21,HIGH,0.3967602588757809,0.5
history_shift,tariff_17,tariff_3,HIGH,0.15205705944723721,0.5
history_shift,tariff_17,tariff_4,HIGH,0.35473646518958873,0.5
history_shift,tariff_17,tariff_5,HIGH,-0.013398748908278219,0.5
history_shift,tariff_17,tariff_6,HIGH,0.20016845082082088,0.5
history_shift,tariff_17,tariff_7,HIGH,0.04734662949405579,0.5
history_shift,tariff_17,tariff_8,HIGH,0.21362383484408326,0.5
history_shift,tariff_17,tariff_9,HIGH,0.00172057141649316,0.5
history_shift,tariff_17,tariff_1,LOW,-0.363803568878871,0.5
history_shift,tariff_17,tariff_10,LOW,0.29696726456032396,0.5
history_shift,tariff_17,tariff_11,LOW,-0.012266483932866362,0.5
history_shift,tariff_17,tariff_12,LOW,0.26885070614320555,0.5
history_shift,tariff_17,tariff_13,LOW,5.13769689942864e-05,0.5
history_shift,tariff_17,tariff_14,LOW,-0.13113596854612836,0.5
history_shift,tariff_17,tariff_15,LOW,-0.23943066533885135,0.5
history_shift,tariff_17,tariff_16,LOW,0.1893904481312659,0.5
history_shift,tariff_17,tariff_17,LOW,0.0,0.5
history_shift,tariff_17,tariff_18,LOW,-0.1066071209395359,0.5
history_shift,tariff_17,tariff_19,LOW,0.4378598335169377,0.5
history_shift,tariff_17,tariff_2,LOW,0.09294155016788017,0.5
history_shift,tariff_17,tariff_20,LOW,0.24833204218691007,0.5
history_shift,tariff_17,tariff_21,LOW,0.16611640124747026,0.5
history_shift,tariff_17,tariff_3,LOW,0.061912564484054036,0.5
history_shift,tariff_17,tariff_4,LOW,-0.08877782369442024,0.5
history_shift,tariff_17,tariff_5,LOW,-0.20368503582645528,0.5
history_shift,tariff_17,tariff_6,LOW,0.1896810729379461,0.5
history_shift,tariff_17,tariff_7,LOW,-0.08133549162237913,0.5
history_shift,tariff_17,tariff_8,LOW,0.2805843883632081,0.5
history_shift,tariff_17,tariff_9,LOW,0.08038869781259597,0.5
history_shift,tariff_17,tariff_1,MID,0.2115259242128712,0.5
history_shift,tariff_17,tariff_10,MID,0.12704950727024356,0.5
history_shift,tariff_17,tariff_11,MID,0.0019273947505775418,0.5
history_shift,tariff_17,tariff_12,MID,0.07645413875266928,0.5
history_shift,tariff_17,tariff_13,MID,0.12411328001233991,0.5
history_shift,tariff_17,tariff_14,MID,-0.2594816574900538,0.5
history_shift,tariff_17,tariff_15,MID,0.1512984860459401,0.5
history_shift,tariff_17,tariff_16,MID,0.2887837170811477,0.5
history_shift,tariff_17,tariff_17,MID,0.0,0.5
history_shift,tariff_17,tariff_18,MID,0.27466206316030206,0.5
history_shift,tariff_17,tariff_19,MID,-0.3328054721588113,0.5
history_shift,tariff_17,tariff_2,MID,0.026687727681867113,0.5
history_shift,tariff_17,tariff_20,MID,-0.34867797609216167,0.5
history_shift,tariff_17,tariff_21,MID,-0.1770045268135613,0.5
history_shift,tariff_17,tariff_3,MID,0.04831725026030066,0.5
history_shift,tariff_17,tariff_4,MID,0.04188891469082692,0.5
history_shift,tariff_17,tariff_5,MID,0.49351959312620286,0.5
history_shift,tariff_17,tariff_6,MID,-0.3231949768978696,0.5
history_shift,tariff_17,tariff_7,MID,-0.2682255213425553,0.5
history_shift,tariff_17,tariff_8,MID,0.5206627308862346,0.5
history_shift,tariff_17,tariff_9,MID,0.041828213513541906,0.5
history_shift,tariff_18,tariff_1,HIGH,0.472519453040156,0.5
history_shift,tariff_18,tariff_10,HIGH,0.004102161188658983,0.5
history_shift,tariff_18,tariff_11,HIGH,-0.3399375452521441,0.5
history_shift,tariff_18,tariff_12,HIGH,0.11944816142148224,0.5
history_shift,tariff_18,tariff_13,HIGH,0.0856402148854262,0.5
history_shift,tariff_18,tariff_14,HIGH,-0.19114499383772093,0.5
history_shift,tariff_18,tariff_15,HIGH,0.017336274723459538,0.5
history_shift,tariff_18,tariff_16,HIGH,0.08558601374714342,0.5
history_shift,tariff_18,tariff_17,HIGH,-0.15445198493652262,0.5
history_shift,tariff_18,tariff_18,HIGH,0.0,0.5
history_shift,tariff_18,tariff_19,HIGH,0.027424932396882422,0.5
history_shift,tariff_18,tariff_2,HIGH,0.346381045432987,0.5
history_shift,tariff_18,tariff_20,HIGH,-0.06115688272908862,0.5
history_shift,tariff_18,tariff_21,HIGH,0.03814633217651956,0.5
history_shift,tariff_18,tariff_3,HIGH,0.2700008874820029,0.5
history_shift,tariff_18,tariff_4,HIGH,0.18851811337861105,0.5
history_shift,tariff_18,tariff_5,HIGH,0.03731757585100884,0.5
history_shift,tariff_18,tariff_6,HIGH,0.19229250892311803,0.5
history_shift,tariff_18,tariff_7,HIGH,-0.04355553830081822,0.5
history_shift,tariff_18,tariff_8,HIGH,0.031159761697779835,0.5
history_shift,tariff_18,tariff_9,HIGH,0.12155948297906358,0.5
history_shift,tariff_18,tariff_1,LOW,-0.14129878331336254,0.5
history_shift,tariff_18,tariff_10,LOW,0.35265111270547495,0.5
history_shift,tariff_18,tariff_11,LOW,0.28500130016408387,0.5
history_shift,tariff_18,tariff_12,LOW,-0.17298223650543104,0.5
history_shift,tariff_18,tariff_13,LOW,-0.08901695156758022,0.5
history_shift,tariff_18,tariff_14,LOW,-0.06406937920249721,0.5
history_shift,tariff_18,tariff_15,LOW,0.11763246513568446,0.5
history_shift,tariff_18,tariff_16,LOW,-0.20562389902861702,0.5
history_shift,tariff_18,tariff_17,LOW,-0.15453937135416987,0.5
history_shift,tariff_18,tariff_18,LOW,0.0,0.5
history_shift,tariff_18,tariff_19,LOW,-0.05908922596621244,0.5
history_shift,tariff_18,tariff_2,LOW,0.40343370366510345,0.5
history_shift,tariff_18,tariff_20,LOW,0.4810542703620082,0.5
history_shift,tariff_18,tariff_21,LOW,0.06139061677896839,0.5
history_shift,tariff_18,tariff_3,LOW,-0.11537866000935251,0.5
history_shift,tariff_18,tariff_4,LOW,0.24054197442565328,0.5
history_shift,tariff_18,tariff_5,LOW,-0.25825912177288657,0.5
history_shift,tariff_18,tariff_6,LOW,0.08368215646764535,0.5
history_shift,tariff_18,tariff_7,LOW,0.4111240836278448,0.5
history_shift,tariff_18,tariff_8,LOW,0.8662982589185397,0.5
history_shift,tariff_18,tariff_9,LOW,0.2110099113960491,0.5
history_shift,tariff_18,tariff_1,MID,0.17732387542603822,0.5
history_shift,tariff_18,tariff_10,MID,0.29853358994367507,0.5
history_shift,tariff_18,tariff_11,MID,0.09068561396779304,0.5
history_shift,tariff_18,tariff_12,MID,0.0790135544595644,0.5
history_shift,tariff_18,tariff_13,MID,-0.32824825345680303,0.5
history_shift,tariff_18,tariff_14,MID,0.16996748259847308,0.5
history_shift,tariff_18,tariff_15,MID,0.04266538080485596,0.5
history_shift,tariff_18,tariff_16,MID,0.29846368490706643,0.5
history_shift,tariff_18,tariff_17,MID,-0.1729600557766195,0.5
history_shift,tariff_18,tariff_18,MID,0.0,0.5
history_shift,tariff_18,tariff_19,MID,0.18422671776635147,0.5
history_shift,tariff_18,tariff_2,MID,-0.27524672588096144,0.5
history_shift,tariff_18,tariff_20,MID,0.1592099915983183,0.5
history_shift,tariff_18,tariff_21,MID,-0.3096300041200447,0.5
history_shift,tariff_18,tariff_3,MID,-0.0428977766151199,0.5
history_shift,tariff_18,tariff_4,MID,0.17213758643439536,0.5
history_shift,tariff_18,tariff_5,MID,-0.2101860682086182,0.5
history_shift,tariff_18,tariff_6,MID,0.330868771840497,0.5
history_shift,tariff_18,tariff_7,MID,0.25052355341812693,0.5
history_shift,tariff_18,tariff_8,MID,0.23494852787641698,0.5
history_shift,tariff_18,tariff_9,MID,0.3271652967281555,0.5
history_shift,tariff_19,tariff_1,HIGH,-0.1534059109912111,0.5
history_shift,tariff_19,tariff_10,HIGH,0.23691230781207326,0.5
history_shift,tariff_19,tariff_11,HIGH,0.19599240692222897,0.5
history_shift,tariff_19,tariff_12,HIGH,-0.0435834342284646,0.5
history_shift,tariff_19,tariff_13,HIGH,0.008144816361278964,0.5
history_shift,tariff_19,tariff_14,HIGH,0.24417057585809346,0.5
history_shift,tariff_19,tariff_15,HIGH,-0.08272146476936185,0.5
history_shift,tariff_19,tariff_16,HIGH,-0.21470243371421163,0.5
history_shift,tariff_19,tariff_17,HIGH,0.251697595892542,0.5
history_shift,tariff_19,tariff_18,HIGH,0.046444246444951605,0.5
history_shift,tariff_19,tariff_19,HIGH,0.0,0.5
history_shift,tariff_19,tariff_2,HIGH,0.22338726483452348,0.5
history_shift,tariff_19,tariff_20,HIGH,0.22579878452164712,0.5
history_shift,tariff_19,tariff_21,HIGH,0.28433791903145156,0.5
history_shift,tariff_19,tariff_3,HIGH,0.3356460166038522,0.5
history_shift,tariff_19,tariff_4,HIGH,0.2359229449760427,0.5
history_shift,tariff_19,tariff_5,HIGH,0.27842192970707325,0.5
history_shift,tariff_19,tariff_6,HIGH,-0.04827760071906308,0.5
history_shift,tariff_19,tariff_7,HIGH,0.028205753424768432,0.5
history_shift,tariff_19,tariff_8,HIGH,0.23132853462410613,0.5
history_shift,tariff_19,tariff_9,HIGH,-0.10795438716473926,0.5
history_shift,tariff_19,tariff_1,LOW,-0.1824375658188661,0.5
history_shift,tariff_19,tariff_10,LOW,-0.09213801058742067,0.5
history_shift,tariff_19,tariff_11,LOW,0.1586433962913521,0.5
history_shift,tariff_19,tariff_12,LOW,0.13888972489165463,0.5
history_shift,tariff_19,tariff_13,LOW,0.1593659595316615,0.5
history_shift,tariff_19,tariff_14,LOW,0.028944472722755313,0.5
history_shift,tariff_19,tariff_15,LOW,0.0130760645848682,0.5
history_shift,tariff_19,tariff_16,LOW,0.015133726822829437,0.5
history_shift,tariff_19,tariff_17,LOW,0.06976979996101368,0.5
history_shift,tariff_19,tariff_18,LOW,0.009759235095709147,0.5
history_shift,tariff_19,tariff_19,LOW,0.0,0.5
history_shift,tariff_19,tariff_2,LOW,-0.0324523075885767,0.5
history_shift,tariff_19,tariff_20,LOW,-0.6062773715889244,0.5
history_shift,tariff_19,tariff_21,LOW,0.04986017103683338,0.5
history_shift,tariff_19,tariff_3,LOW,-0.12283640480160077,0.5
history_shift,tariff_19,tariff_4,LOW,-0.044426449001011864,0.5
history_shift,tariff_19,tariff_5,LOW,0.2987480894211336,0.5
history_shift,tariff_19,tariff_6,LOW,-0.12412286471178374,0.5
history_shift,tariff_19,tariff_7,LOW,0.32127610224296854,0.5
history_shift,tariff_19,tariff_8,LOW,0.35117247154984177,0.5
history_shift,tariff_19,tariff_9,LOW,0.25735786008237016,0.5
history_shift,tariff_19,tariff_1,MID,0.07859317730085066,0.5
history_shift,tariff_19,tariff_10,MID,0.14057286154324758,0.5
history_shift,tariff_19,tariff_11,MID,0.2231908794588763,0.5
history_shift,tariff_19,tariff_12,MID,-0.07004575308118254,0.5
history_shift,tariff_19,tariff_13,MID,0.006842893678965071,0.5
history_shift,tariff_19,tariff_14,MID,0.5219347122074657,0.5
history_shift,tariff_19,tariff_15,MID,-0.11618103502435254,0.5
history_shift,tariff_19,tariff_16,MID,-0.06491902209817538,0.5
history_shift,tariff_19,tariff_17,MID,0.32687921865155933,0.5
history_shift,tariff_19,tariff_18,MID,-0.03838073484199142,0.5
history_shift,tariff_19,tariff_19,MID,0.0,0.5
history_shift,tariff_19,tariff_2,MID,0.44011904583896766,0.5
history_shift,tariff_19,tariff_20,MID,-0.01735684359244491,0.5
history_shift,tariff_19,tariff_21,MID,0.2006298424693018,0.5
history_shift,tariff_19,tariff_3,MID,0.15269351634719858,0.5
history_shift,tariff_19,tariff_4,MID,-0.3430273592182323,0.5
history_shift,tariff_19,tariff_5,MID,-0.309000316585441,0.5
history_shift,tariff_19,tariff_6,MID,0.22496519996779735,0.5
history_shift,tariff_19,tariff_7,MID,0.28391175095282384,0.5
history_shift,tariff_19,tariff_8,MID,0.13696145412022034,0.5
history_shift,tariff_19,tariff_9,MID,-0.11850021702242344,0.5
history_shift,tariff_2,tariff_1,HIGH,0.001166380139161205,0.5
history_shift,tariff_2,tariff_10,HIGH,-0.05707498210139507,0.5
history_shift,tariff_2,tariff_11,HIGH,-0.11945194503883706,0.5
history_shift,tariff_2,tariff_12,HIGH,0.08595198777540902,0.5
history_shift,tariff_2,tariff_13,HIGH,0.22106850890706653,0.5
history_shift,tariff_2,tariff_14,HIGH,0.012149768619907634,0.5
history_shift,tariff_2,tariff_15,HIGH,0.14657357767228424,0.5
history_shift,tariff_2,tariff_16,HIGH,0.2993404284900475,0.5
history_shift,tariff_2,tariff_17,HIGH,-0.09406288513801396,0.5
history_shift,tariff_2,tariff_18,HIGH,0.19080202332565674,0.5
history_shift,tariff_2,tariff_19,HIGH,-0.023989533694458665,0.5
history_shift,tariff_2,tariff_2,HIGH,0.0,0.5
history_shift,tariff_2,tariff_20,HIGH,-0.06746117883799937,0.5
history_shift,tariff_2,tariff_21,HIGH,-0.1398085881423765,0.5
history_shift,tariff_2,tariff_3,HIGH,0.02762114316852133,0.5
history_shift,tariff_2,tariff_4,HIGH,-0.11272606817998311,0.5
history_shift,tariff_2,tariff_5,HIGH,-0.0616487582702782,0.5
history_shift,tariff_2,tariff_6,HIGH,-0.457500431202275,0.5
history_shift,tariff_2,tariff_7,HIGH,0.039978403647050784,0.5
history_shift,tariff_2,tariff_8,HIGH,0.4702830882288694,0.5
history_shift,tariff_2,tariff_9,HIGH,0.2160522397004104,0.5
history_shift,tariff_2,tariff_1,LOW,0.18001550225067842,0.5
history_shift,tariff_2,tariff_10,LOW,0.570621180336886,0.5
history_shift,tariff_2,tariff_11,LOW,-0.02355362924749274,0.5
history_shift,tariff_2,tariff_12,LOW,0.04251600739493626,0.5
history_shift,tariff_2,tariff_13,LOW,0.7921565447483785,0.5
history_shift,tariff_2,tariff_14,LOW,-0.18163035225888183,0.5
history_shift,tariff_2,tariff_15,LOW,-0.18922468053326477,0.5
history_shift,tariff_2,tariff_16,LOW,-0.15079114854641848,0.5
history_shift,tariff_2,tariff_17,LOW,0.20016009748855976,0.5
history_shift,tariff_2,tariff_18,LOW,-0.490000043740472,0.5
history_shift,tariff_2,tariff_19,LOW,0.07177916826860131,0.5
history_shift,tariff_2,tariff_2,LOW,0.0,0.5
history_shift,tariff_2,tariff_20,LOW,-0.17086185030470372,0.5
history_shift,tariff_2,tariff_21,LOW,0.3375736570387323,0.5
history_shift,tariff_2,tariff_3,LOW,-0.1368219145798191,0.5
history_shift,tariff_2,tariff_4,LOW,0.08232158509826318,0.5
history_shift,tariff_2,tariff_5,LOW,0.2601052464761834,0.5
history_shift,tariff_2,tariff_6,LOW,0.029437581317357,0.5
history_shift,tariff_2,tariff_7,LOW,-0.01251150707948201,0.5
history_shift,tariff_2,tariff_8,LOW,-0.2898621580672577,0.5
history_shift,tariff_2,tariff_9,LOW,0.24140425199003598,0.5
history_shift,tariff_2,tariff_1,MID,-0.30222756086564545,0.5
history_shift,tariff_2,tariff_10,MID,0.16694724488885954,0.5
history_shift,tariff_2,tariff_11,MID,-0.030435506884300953,0.5
history_shift,tariff_2,tariff_12,MID,0.19223243587759048,0.5
history_shift,tariff_2,tariff_13,MID,0.40006590376262396,0.5
history_shift,tariff_2,tariff_14,MID,0.12225058419097498,0.5
history_shift,tariff_2,tariff_15,MID,-0.03911233990190073,0.5
history_shift,tariff_2,tariff_16,MID,-0.3448980724816244,0.5
history_shift,tariff_2,tariff_17,MID,-0.18033328815470975,0.5
history_shift,tariff_2,tariff_18,MID,-0.17490823735781244,0.5
history_shift,tariff_2,tariff_19,MID,-0.030884210500818784,0.5
history_shift,tariff_2,tariff_2,MID,0.0,0.5
history_shift,tariff_2,tariff_20,MID,0.015684226784035603,0.5
history_shift,tariff_2,tariff_21,MID,-0.15663453133532274,0.5
history_shift,tariff_2,tariff_3,MID,0.039186622072987995,0.5
history_shift,tariff_2,tariff_4,MID,0.0562875112335319,0.5
history_shift,tariff_2,tariff_5,MID,-0.043389254925874435,0.5
history_shift,tariff_2,tariff_6,MID,0.14603222395331514,0.5
history_shift,tariff_2,tariff_7,MID,-0.03165512689262481,0.5
history_shift,tariff_2,tariff_8,MID,0.7261587207395572,0.5
history_shift,tariff_2,tariff_9,MID,-0.12576892892233849,0.5
history_shift,tariff_20,tariff_1,HIGH,-0.5255232503900603,0.5
history_shift,tariff_20,tariff_10,HIGH,0.21560414136185763,0.5
history_shift,tariff_20,tariff_11,HIGH,0.038203937338880785,0.5
history_shift,tariff_20,tariff_12,HIGH,0.1370316301690325,0.5
history_shift,tariff_20,tariff_13,HIGH,0.07403204983996181,0.5
history_shift,tariff_20,tariff_14,HIGH,-0.3727360590197666,0.5
history_shift,tariff_20,tariff_15,HIGH,-0.053473164685578195,0.5
history_shift,tariff_20,tariff_16,HIGH,0.22613334258416506,0.5
history_shift,tariff_20,tariff_17,HIGH,0.29367711945033403,0.5
history_shift,tariff_20,tariff_18,HIGH,-0.3289650247942346,0.5
history_shift,tariff_20,tariff_19,HIGH,-0.1302528779732284,0.5
history_shift,tariff_20,tariff_2,HIGH,-0.16015788916207696,0.5
history_shift,tariff_20,tariff_20,HIGH,0.0,0.5
history_shift,tariff_20,tariff_21,HIGH,0.2760097126038934,0.5
history_shift,tariff_20,tariff_3,HIGH,-0.05204924993398802,0.5
history_shift,tariff_20,tariff_4,HIGH,0.12480513949764324,0.5
history_shift,tariff_20,tariff_5,HIGH,-0.5005429071202718,0.5
history_shift,tariff_20,tariff_6,HIGH,-0.026137150949274823,0.5
history_shift,tariff_20,tariff_7,HIGH,0.17278815505084347,0.5
history_shift,tariff_20,tariff_8,HIGH,0.11655407487248101,0.5
history_shift,tariff_20,tariff_9,HIGH,-0.17653188726631264,0.5
history_shift,tariff_20,tariff_1,LOW,-0.029631131255701507,0.5
history_shift,tariff_20,tariff_10,LOW,-0.11478004145019036,0.5
history_shift,tariff_20,tariff_11,LOW,-0.04440090730038291,0.5
history_shift,tariff_20,tariff_12,LOW,0.007965374382532767,0.5
history_shift,tariff_20,tariff_13,LOW,0.8891024290701819,0.5
history_shift,tariff_20,tariff_14,LOW,0.07898121674933953,0.5
history_shift,tariff_20,tariff_15,LOW,0.2832352835691637,0.5
history_shift,tariff_20,tariff_16,LOW,0.1887252276842296,0.5
history_shift,tariff_20,tariff_17,LOW,-0.32588613948513145,0.5
history_shift,tariff_20,tariff_18,LOW,0.1756647287468722,0.5
history_shift,tariff_20,tariff_19,LOW,0.022243233310238263,0.5
history_shift,tariff_20,tariff_2,LOW,-0.006585958682304556,0.5
history_shift,tariff_20,tariff_20,LOW,0.0,0.5
history_shift,tariff_20,tariff_21,LOW,0.24662843172716833,0.5
history_shift,tariff_20,tariff_3,LOW,0.3652438170024289,0.5
history_shift,tariff_20,tariff_4,LOW,-0.2669124200655859,0.5
history_shift,tariff_20,tariff_5,LOW,0.1891298559869891,0.5
history_shift,tariff_20,tariff_6,LOW,0.1293407871044418,0.5
history_shift,tariff_20,tariff_7,LOW,-0.07385148953790002,0.5
history_shift,tariff_20,tariff_8,LOW,0.3950135222830149,0.5
history_shift,tariff_20,tariff_9,LOW,0.053997473695682835,0.5
history_shift,tariff_20,tariff_1,MID,0.36553584084426716,0.5
history_shift,tariff_20,tariff_10,MID,-0.026032597363605546,0.5
history_shift,tariff_20,tariff_11,MID,0.46524057214600556,0.5
history_shift,tariff_20,tariff_12,MID,-0.11704432778637619,0.5
history_shift,tariff_20,tariff_13,MID,0.08190891042421511,0.5
history_shift,tariff_20,tariff_14,MID,0.22387077385280732,0.5
history_shift,tariff_20,tariff_15,MID,-0.18395245497742727,0.5
history_shift,tariff_20,tariff_16,MID,0.11641148481887567,0.5
history_shift,tariff_20,tariff_17,MID,0.11923339390077488,0.5
history_shift,tariff_20,tariff_18,MID,-0.12921167666408886,0.5
history_shift,tariff_20,tariff_19,MID,0.25030627298920133,0.5
history_shift,tariff_20,tariff_2,MID,0.06552947070327536,0.5
history_shift,tariff_20,tariff_20,MID,0.0,0.5
history_shift,tariff_20,tariff_21,MID,0.3406074110793381,0.5
history_shift,tariff_20,tariff_3,MID,0.2229176090260852,0.5
history_shift,tariff_20,tariff_4,MID,0.1608633015147132,0.5
history_shift,tariff_20,tariff_5,MID,-0.003672142282388706,0.5
history_shift,tariff_20,tariff_6,MID,-0.1565102129936547,0.5
history_shift,tariff_20,tariff_7,MID,0.22490447884794693,0.5
history_shift,tariff_20,tariff_8,MID,0.3605723502828133,0.5
history_shift,tariff_20,tariff_9,MID,0.09180428682700029,0.5
history_shift,tariff_21,tariff_1,HIGH,-0.17998540948953193,0.5
history_shift,tariff_21,tariff_10,HIGH,-0.31710790473740713,0.5
history_shift,tariff_21,tariff_11,HIGH,-0.033548615702715015,0.5
history_shift,tariff_21,tariff_12,HIGH,-0.02712887387539431,0.5
history_shift,tariff_21,tariff_13,HIGH,-0.05037644646344945,0.5
history_shift,tariff_21,tariff_14,HIGH,-0.21521720934505723,0.5
history_shift,tariff_21,tariff_15,HIGH,-0.060772483923292014,0.5
history_shift,tariff_21,tariff_16,HIGH,0.18973854827905506,0.5
history_shift,tariff_21,tariff_17,HIGH,-0.035864945241105034,0.5
history_shift,tariff_21,tariff_18,HIGH,-0.13726782570005824,0.5
history_shift,tariff_21,tariff_19,HIGH,0.29819931520508036,0.5
history_shift,tariff_21,tariff_2,HIGH,0.12813920494195177,0.5
history_shift,tariff_21,tariff_20,HIGH,0.12650213901057508,0.5
history_shift,tariff_21,tariff_21,HIGH,0.0,0.5
history_shift,tariff_21,tariff_3,HIGH,-0.09297378743917649,0.5
history_shift,tariff_21,tariff_4,HIGH,-0.03721860281383711,0.5
history_shift,tariff_21,tariff_5,HIGH,0.3309349905220679,0.5
history_shift,tariff_21,tariff_6,HIGH,-0.2644175760523426,0.5
history_shift,tariff_21,tariff_7,HIGH,0.12819951820204017,0.5
history_shift,tariff_21,tariff_8,HIGH,0.2982132944661654,0.5
history_shift,tariff_21,tariff_9,HIGH,0.30914854281494153,0.5
history_shift,tariff_21,tariff_1,LOW,0.3477961378468628,0.5
history_shift,tariff_21,tariff_10,LOW,-0.26413035755643266,0.5
history_shift,tariff_21,tariff_11,LOW,0.28110521922493636,0.5
history_shift,tariff_21,tariff_12,LOW,0.27853847092197004,0.5
history_shift,tariff_21,tariff_13,LOW,-0.10556078472150845,0.5
history_shift,tariff_21,tariff_14,LOW,0.31924883525357106,0.5
history_shift,tariff_21,tariff_15,LOW,0.06029434053144314,0.5
history_shift,tariff_21,tariff_16,LOW,0.2573382490916722,0.5
history_shift,tariff_21,tariff_17,LOW,0.3499370852873456,0.5
history_shift,tariff_21,tariff_18,LOW,0.30810766769702924,0.5
history_shift,tariff_21,tariff_19,LOW,0.09284411433670367,0.5
history_shift,tariff_21,tariff_2,LOW,-0.05213593080777852,0.5
history_shift,tariff_21,tariff_20,LOW,0.20052755573741995,0.5
history_shift,tariff_21,tariff_21,LOW,0.0,0.5
history_shift,tariff_21,tariff_3,LOW,-0.036241653939973084,0.5
history_shift,tariff_21,tariff_4,LOW,0.20804702989541113,0.5
history_shift,tariff_21,tariff_5,LOW,-0.07606656847711898,0.5
history_shift,tariff_21,tariff_6,LOW,-0.26518263086367444,0.5
history_shift,tariff_21,tariff_7,LOW,0.11824101329700173,0.5
history_shift,tariff_21,tariff_8,LOW,-0.2058921279850344,0.5
history_shift,tariff_21,tariff_9,LOW,-0.2846986666156597,0.5
history_shift,tariff_21,tariff_1,MID,-0.07363476536814682,0.5
history_shift,tariff_21,tariff_10,MID,-0.27259914064808055,0.5
history_shift,tariff_21,tariff_11,MID,-0.05821676184789748,0.5
history_shift,tariff_21,tariff_12,MID,-0.4266259562170953,0.5
history_shift,tariff_21,tariff_13,MID,0.25892650347754975,0.5
history_shift,tariff_21,tariff_14,MID,0.1777924652110173,0.5
history_shift,tariff_21,tariff_15,MID,0.2332318169086713,0.5
history_shift,tariff_21,tariff_16,MID,-0.18684001811082757,0.5
history_shift,tariff_21,tariff_17,MID,-0.3164821385296037,0.5
history_shift,tariff_21,tariff_18,MID,0.034831366108368386,0.5
history_shift,tariff_21,tariff_19,MID,0.11099600052173303,0.5
history_shift,tariff_21,tariff_2,MID,-0.03883303557027788,0.5
history_shift,tariff_21,tariff_20,MID,-0.01374162181027299,0.5
history_shift,tariff_21,tariff_21,MID,0.0,0.5
history_shift,tariff_21,tariff_3,MID,0.05788766531579605,0.5
history_shift,tariff_21,tariff_4,MID,0.051623108029461975,0.5
history_shift,tariff_21,tariff_5,MID,0.1801713906676388,0.5
history_shift,tariff_21,tariff_6,MID,-0.12133321858326343,0.5
history_shift,tariff_21,tariff_7,MID,0.17375101834302908,0.5
history_shift,tariff_21,tariff_8,MID,0.33379219299278506,0.5
history_shift,tariff_21,tariff_9,MID,-0.2558701000713297,0.5
history_shift,tariff_3,tariff_1,HIGH,-0.12653950230757186,0.5
history_shift,tariff_3,tariff_10,HIGH,0.279910282763509,0.5
history_shift,tariff_3,tariff_11,HIGH,0.2843356785027058,0.5
history_shift,tariff_3,tariff_12,HIGH,-0.47260520536813233,0.5
history_shift,tariff_3,tariff_13,HIGH,0.004732601778746284,0.5
history_shift,tariff_3,tariff_14,HIGH,0.3199817973077813,0.5
history_shift,tariff_3,tariff_15,HIGH,0.3325075217338386,0.5
history_shift,tariff_3,tariff_16,HIGH,-0.11568064104417514,0.5
history_shift,tariff_3,tariff_17,HIGH,0.2680777860399929,0.5
history_shift,tariff_3,tariff_18,HIGH,-0.08395036469315696,0.5
history_shift,tariff_3,tariff_19,HIGH,-0.15485709074224202,0.5
history_shift,tariff_3,tariff_2,HIGH,0.1938174364492869,0.5
history_shift,tariff_3,tariff_20,HIGH,0.14850526194183258,0.5
history_shift,tariff_3,tariff_21,HIGH,-0.01576682772805589,0.5
history_shift,tariff_3,tariff_3,HIGH,0.0,0.5
history_shift,tariff_3,tariff_4,HIGH,-0.03311181564256571,0.5
history_shift,tariff_3,tariff_5,HIGH,-0.20026799068406556,0.5
history_shift,tariff_3,tariff_6,HIGH,0.22035297223281922,0.5
history_shift,tariff_3,tariff_7,HIGH,-0.01993457052920495,0.5
history_shift,tariff_3,tariff_8,HIGH,0.23625874178942582,0.5
history_shift,tariff_3,tariff_9,HIGH,-0.2264529555401015,0.5
history_shift,tariff_3,tariff_1,LOW,0.29500016952974734,0.5
history_shift,tariff_3,tariff_10,LOW,0.08268010507744736,0.5
history_shift,tariff_3,tariff_11,LOW,0.05536396638441208,0.5
history_shift,tariff_3,tariff_12,LOW,-0.29450365012608465,0.5
history_shift,tariff_3,tariff_13,LOW,0.191985618173006,0.5
history_shift,tariff_3,tariff_14,LOW,-0.029403026898409165,0.5
history_shift,tariff_3,tariff_15,LOW,0.005663820160660568,0.5
history_shift,tariff_3,tariff_16,LOW,0.003864302825046323,0.5
history_shift,tariff_3,tariff_17,LOW,0.10147856518255201,0.5
history_shift,tariff_3,tariff_18,LOW,0.27413329747797777,0.5
history_shift,tariff_3,tariff_19,LOW,0.015515740708541658,0.5
history_shift,tariff_3,tariff_2,LOW,-0.14304698952715822,0.5
history_shift,tariff_3,tariff_20,LOW,-0.2514431594132065,0.5
history_shift,tariff_3,tariff_21,LOW,0.3595566970621549,0.5
history_shift,tariff_3,tariff_3,LOW,0.0,0.5
history_shift,tariff_3,tariff_4,LOW,0.08869644049740662,0.5
history_shift,tariff_3,tariff_5,LOW,0.0144174118200598,0.5
history_shift,tariff_3,tariff_6,LOW,-0.10006925415432538,0.5
history_shift,tariff_3,tariff_7,LOW,0.09324317575136304,0.5
history_shift,tariff_3,tariff_8,LOW,0.24559681506394931,0.5
history_shift,tariff_3,tariff_9,LOW,0.6367184266322763,0.5
history_shift,tariff_3,tariff_1,MID,0.1635679396739028,0.5
history_shift,tariff_3,tariff_10,MID,-0.08786651800815176,0.5
history_shift,tariff_3,tariff_11,MID,0.06314306260908603,0.5
history_shift,tariff_3,tariff_12,MID,0.018477711162248014,0.5
history_shift,tariff_3,tariff_13,MID,0.27570386864552177,0.5
history_shift,tariff_3,tariff_14,MID,-0.18860398324239336,0.5
history_shift,tariff_3,tariff_15,MID,0.41713623200329053,0.5
history_shift,tariff_3,tariff_16,MID,0.22878214092946533,0.5
history_shift,tariff_3,tariff_17,MID,0.3286802836802112,0.5
history_shift,tariff_3,tariff_18,MID,0.12957860711600558,0.5
history_shift,tariff_3,tariff_19,MID,0.15788003350662902,0.5
history_shift,tariff_3,tariff_2,MID,-0.25247944324861926,0.5
history_shift,tariff_3,tariff_20,MID,-0.02796856672709752,0.5
history_shift,tariff_3,tariff_21,MID,-0.09328607508865734,0.5
history_shift,tariff_3,tariff_3,MID,0.0,0.5
history_shift,tariff_3,tariff_4,MID,-0.2633995597017969,0.5
history_shift,tariff_3,tariff_5,MID,0.3605048673473088,0.5
history_shift,tariff_3,tariff_6,MID,0.35292964004754324,0.5
history_shift,tariff_3,tariff_7,MID,0.11306695843581571,0.5
history_shift,tariff_3,tariff_8,MID,0.4940362549840253,0.5
history_shift,tariff_3,tariff_9,MID,0.3034257590205794,0.5
history_shift,tariff_4,tariff_1,HIGH,-0.3527879940598635,0.5
history_shift,tariff_4,tariff_10,HIGH,-0.27425066589829233,0.5
history_shift,tariff_4,tariff_11,HIGH,0.07352213563538171,0.5
history_shift,tariff_4,tariff_12,HIGH,0.12831853240813199,0.5
history_shift,tariff_4,tariff_13,HIGH,0.1475950322999978,0.5
history_shift,tariff_4,tariff_14,HIGH,0.39790966236857306,0.5
history_shift,tariff_4,tariff_15,HIGH,0.008914150672902084,0.5
history_shift,tariff_4,tariff_16,HIGH,0.02247105613742221,0.5
history_shift,tariff_4,tariff_17,HIGH,0.19746981967415964,0.5
history_shift,tariff_4,tariff_18,HIGH,0.23907533956590607,0.5
history_shift,tariff_4,tariff_19,HIGH,0.02371599469500838,0.5
history_shift,tariff_4,tariff_2,HIGH,0.12666785824391982,0.5
history_shift,tariff_4,tariff_20,HIGH,-0.5193683926303329,0.5
history_shift,tariff_4,tariff_21,HIGH,0.43783536703004255,0.5
history_shift,tariff_4,tariff_3,HIGH,0.2252304808712269,0.5
history_shift,tariff_4,tariff_4,HIGH,0.0,0.5
history_shift,tariff_4,tariff_5,HIGH,-0.08563009359898341,0.5
history_shift,tariff_4,tariff_6,HIGH,0.04326362992979895,0.5
history_shift,tariff_4,tariff_7,HIGH,0.09908451993839397,0.5
history_shift,tariff_4,tariff_8,HIGH,-0.20231845236562934,0.5
history_shift,tariff_4,tariff_9,HIGH,0.07285691755023063,0.5
history_shift,tariff_4,tariff_1,LOW,-0.5091458715325566,0.5
history_shift,tariff_4,tariff_10,LOW,0.5034778469579135,0.5
history_shift,tariff_4,tariff_11,LOW,-0.13981468065651714,0.5
history_shift,tariff_4,tariff_12,LOW,-0.19071393707551226,0.5
history_shift,tariff_4,tariff_13,LOW,0.09975924329068356,0.5
history_shift,tariff_4,tariff_14,LOW,0.4200853823752433,0.5
history_shift,tariff_4,tariff_15,LOW,-0.022215948464343313,0.5
history_shift,tariff_4,tariff_16,LOW,-0.3206393478081032,0.5
history_shift,tariff_4,tariff_17,LOW,0.011361604928698938,0.5
history_shift,tariff_4,tariff_18,LOW,-0.046644017528670284,0.5
history_shift,tariff_4,tariff_19,LOW,-0.08399094226926879,0.5
history_shift,tariff_4,tariff_2,LOW,0.06321801027255707,0.5
history_shift,tariff_4,tariff_20,LOW,-0.37826708402998643,0.5
history_shift,tariff_4,tariff_21,LOW,-0.16733042095608408,0.5
history_shift,tariff_4,tariff_3,LOW,-0.07009741287275323,0.5
history_shift,tariff_4,tariff_4,LOW,0.0,0.5
history_shift,tariff_4,tariff_5,LOW,0.01845392540544391,0.5
history_shift,tariff_4,tariff_6,LOW,0.04333174740153114,0.5
history_shift,tariff_4,tariff_7,LOW,0.07968458895679642,0.5
history_shift,tariff_4,tariff_8,LOW,0.33864442601148725,0.5
history_shift,tariff_4,tariff_9,LOW,0.5496507219493212,0.5
history_shift,tariff_4,tariff_1,MID,-0.11594056270178071,0.5
history_shift,tariff_4,tariff_10,MID,-0.40847211388761806,0.5
history_shift,tariff_4,tariff_11,MID,0.3692857629237338,0.5
history_shift,tariff_4,tariff_12,MID,-0.019765574913307847,0.5
history_shift,tariff_4,tariff_13,MID,0.14275843705274543,0.5
history_shift,tariff_4,tariff_14,MID,0.40996975526866253,0.5
history_shift,tariff_4,tariff_15,MID,-0.07575372858401398,0.5
history_shift,tariff_4,tariff_16,MID,0.05844442974811574,0.5
history_shift,tariff_4,tariff_17,MID,-0.31170287584418743,0.5
history_shift,tariff_4,tariff_18,MID,0.018320237821337876,0.5
history_shift,tariff_4,tariff_19,MID,0.2155731826509685,0.5
history_shift,tariff_4,tariff_2,MID,-0.24337103102537036,0.5
history_shift,tariff_4,tariff_20,MID,-0.12566423945084484,0.5
history_shift,tariff_4,tariff_21,MID,-0.10077332420681381,0.5
history_shift,tariff_4,tariff_3,MID,0.05605399519224259,0.5
history_shift,tariff_4,tariff_4,MID,0.0,0.5
history_shift,tariff_4,tariff_5,MID,0.3175121581991325,0.5
history_shift,tariff_4,tariff_6,MID,-0.06802624033484704,0.5
history_shift,tariff_4,tariff_7,MID,-0.003311719956116059,0.5
history_shift,tariff_4,tariff_8,MID,0.3261891283927963,0.5
history_shift,tariff_4,tariff_9,MID,0.24439775780400905,0.5
history_shift,tariff_5,tariff_1,HIGH,-0.19786310730875795,0.5
history_shift,tariff_5,tariff_10,HIGH,0.2661399767271981,0.5
history_shift,tariff_5,tariff_11,HIGH,-0.05223870504664454,0.5
history_shift,tariff_5,tariff_12,HIGH,-0.0545975363289238,0.5
history_shift,tariff_5,tariff_13,HIGH,0.20172708724106908,0.5
history_shift,tariff_5,tariff_14,HIGH,-0.11702177861254212,0.5
history_shift,tariff_5,tariff_15,HIGH,0.02418265012861553,0.5
history_shift,tariff_5,tariff_16,HIGH,0.08628717455117167,0.5
history_shift,tariff_5,tariff_17,HIGH,0.014769647803069252,0.5
history_shift,tariff_5,tariff_18,HIGH,-0.10547749607565138,0.5
history_shift,tariff_5,tariff_19,HIGH,0.3564384056534592,0.5
history_shift,tariff_5,tariff_2,HIGH,0.44396552205328765,0.5
history_shift,tariff_5,tariff_20,HIGH,-0.07244395855190008,0.5
history_shift,tariff_5,tariff_21,HIGH,-0.03507592962703103,0.5
history_shift,tariff_5,tariff_3,HIGH,0.07704089645316306,0.5
history_shift,tariff_5,tariff_4,HIGH,0.07566885689241412,0.5
history_shift,tariff_5,tariff_5,HIGH,0.0,0.5
history_shift,tariff_5,tariff_6,HIGH,0.27848810372484845,0.5
history_shift,tariff_5,tariff_7,HIGH,0.13898356957276506,0.5
history_shift,tariff_5,tariff_8,HIGH,-0.019070074063174187,0.5
history_shift,tariff_5,tariff_9,HIGH,0.16123615972609553,0.5
history_shift,tariff_5,tariff_1,LOW,-0.33369044063345,0.5
history_shift,tariff_5,tariff_10,LOW,-0.2007170109203328,0.5
history_shift,tariff_5,tariff_11,LOW,-0.37832302405556684,0.5
history_shift,tariff_5,tariff_12,LOW,0.22954934092487997,0.5
history_shift,tariff_5,tariff_13,LOW,0.44751613157344977,0.5
history_shift,tariff_5,tariff_14,LOW,0.19136545104814628,0.5
history_shift,tariff_5,tariff_15,LOW,-0.11689207586693112,0.5
history_shift,tariff_5,tariff_16,LOW,-0.1595202384778282,0.5
history_shift,tariff_5,tariff_17,LOW,0.20105882096981628,0.5
history_shift,tariff_5,tariff_18,LOW,0.2121166406872552,0.5
history_shift,tariff_5,tariff_19,LOW,0.404627238313116,0.5
history_shift,tariff_5,tariff_2,LOW,0.26969023500230094,0.5
history_shift,tariff_5,tariff_20,LOW,-0.03558722412851019,0.5
history_shift,tariff_5,tariff_21,LOW,0.06936650645811031,0.5
history_shift,tariff_5,tariff_3,LOW,0.06610779704283368,0.5
history_shift,tariff_5,tariff_4,LOW,0.43643420233430114,0.5
history_shift,tariff_5,tariff_5,LOW,0.0,0.5
history_shift,tariff_5,tariff_6,LOW,0.1359691149198406,0.5
history_shift,tariff_5,tariff_7,LOW,-0.00904955038973635,0.5
history_shift,tariff_5,tariff_8,LOW,0.11811163982339404,0.5
history_shift,tariff_5,tariff_9,LOW,0.0022813621264816328,0.5
history_shift,tariff_5,tariff_1,MID,-0.20747159751611643,0.5
history_shift,tariff_5,tariff_10,MID,-0.08111372644834008,0.5
history_shift,tariff_5,tariff_11,MID,-0.28572003003815344,0.5
history_shift,tariff_5,tariff_12,MID,-0.34018289034072857,0.5
history_shift,tariff_5,tariff_13,MID,0.0676891910043652,0.5
history_shift,tariff_5,tariff_14,MID,0.19210135289651087,0.5
history_shift,tariff_5,tariff_15,MID,0.2596219351206118,0.5
history_shift,tariff_5,tariff_16,MID,0.2074121931447052,0.5
history_shift,tariff_5,tariff_17,MID,0.13289217629478167,0.5
history_shift,tariff_5,tariff_18,MID,0.016983269572815242,0.5
history_shift,tariff_5,tariff_19,MID,0.05665304217746735,0.5
history_shift,tariff_5,tariff_2,MID,0.03235624371397264,0.5
history_shift,tariff_5,tariff_20,MID,-0.038771629139801936,0.5
history_shift,tariff_5,tariff_21,MID,-0.03142015583554785,0.5
history_shift,tariff_5,tariff_3,MID,-0.21201076658498844,0.5
history_shift,tariff_5,tariff_4,MID,0.0031214824899504084,0.5
history_shift,tariff_5,tariff_5,MID,0.0,0.5
history_shift,tariff_5,tariff_6,MID,-0.0759125957178011,0.5
history_shift,tariff_5,tariff_7,MID,-0.17687709310005348,0.5
history_shift,tariff_5,tariff_8,MID,0.07024941108040378,0.5
history_shift,tariff_5,tariff_9,MID,-0.023868297360577745,0.5
history_shift,tariff_6,tariff_1,HIGH,-0.38338083813129875,0.5
history_shift,tariff_6,tariff_10,HIGH,-0.03980836522334446,0.5
history_shift,tariff_6,tariff_11,HIGH,0.24201899775314048,0.5
history_shift,tariff_6,tariff_12,HIGH,0.10263682652789091,0.5
history_shift,tariff_6,tariff_13,HIGH,-0.08495914923187317,0.5
history_shift,tariff_6,tariff_14,HIGH,-0.15671526411173595,0.5
history_shift,tariff_6,tariff_15,HIGH,-0.23129802935537583,0.5
history_shift,tariff_6,tariff_16,HIGH,-0.1322971140542249,0.5
history_shift,tariff_6,tariff_17,HIGH,0.25028518204465333,0.5
history_shift,tariff_6,tariff_18,HIGH,-0.26723869374043596,0.5
history_shift,tariff_6,tariff_19,HIGH,-0.12411204444594962,0.5
history_shift,tariff_6,tariff_2,HIGH,0.311160916984761,0.5
history_shift,tariff_6,tariff_20,HIGH,-0.1682411220080742,0.5
history_shift,tariff_6,tariff_21,HIGH,-0.3417559778439928,0.5
history_shift,tariff_6,tariff_3,HIGH,-0.27507530642516853,0.5
history_shift,tariff_6,tariff_4,HIGH,-0.2788760268827996,0.5
history_shift,tariff_6,tariff_5,HIGH,0.15691865162539212,0.5
history_shift,tariff_6,tariff_6,HIGH,0.0,0.5
history_shift,tariff_6,tariff_7,HIGH,0.2822908481991647,0.5
history_shift,tariff_6,tariff_8,HIGH,-0.17473108770773016,0.5
history_shift,tariff_6,tariff_9,HIGH,0.20717204811805798,0.5
history_shift,tariff_6,tariff_1,LOW,0.1786470113496481,0.5
history_shift,tariff_6,tariff_10,LOW,0.25918494656148866,0.5
history_shift,tariff_6,tariff_11,LOW,-0.15564413892114676,0.5
history_shift,tariff_6,tariff_12,LOW,-0.0854157605816677,0.5
history_shift,tariff_6,tariff_13,LOW,0.24100377937928508,0.5
history_shift,tariff_6,tariff_14,LOW,0.2131510424627423,0.5
history_shift,tariff_6,tariff_15,LOW,0.1648769434094317,0.5
history_shift,tariff_6,tariff_16,LOW,0.08589796644620282,0.5
history_shift,tariff_6,tariff_17,LOW,0.058998577178687846,0.5
history_shift,tariff_6,tariff_18,LOW,0.05482601393694911,0.5
history_shift,tariff_6,tariff_19,LOW,0.2117450210465589,0.5
history_shift,tariff_6,tariff_2,LOW,0.19321452766414812,0.5
history_shift,tariff_6,tariff_20,LOW,-0.07353172019184308,0.5
history_shift,tariff_6,tariff_21,LOW,-0.14479696461743702,0.5
history_shift,tariff_6,tariff_3,LOW,0.07900587300441973,0.5
history_shift,tariff_6,tariff_4,LOW,0.33920497717326037,0.5
history_shift,tariff_6,tariff_5,LOW,0.20540148344541828,0.5
history_shift,tariff_6,tariff_6,LOW,0.0,0.5
history_shift,tariff_6,tariff_7,LOW,0.16169291520854354,0.5
history_shift,tariff_6,tariff_8,LOW,0.026136716277303837,0.5
history_shift,tariff_6,tariff_9,LOW,-0.053955510260065995,0.5
history_shift,tariff_6,tariff_1,MID,0.08055173999686752,0.5
history_shift,tariff_6,tariff_10,MID,-0.14919670130053952,0.5
history_shift,tariff_6,tariff_11,MID,0.055008565477760056,0.5
history_shift,tariff_6,tariff_12,MID,0.4122374638364978,0.5
history_shift,tariff_6,tariff_13,MID,-0.28421894522425156,0.5
history_shift,tariff_6,tariff_14,MID,0.16035145551923738,0.5
history_shift,tariff_6,tariff_15,MID,0.0710783987413438,0.5
history_shift,tariff_6,tariff_16,MID,-0.1813739057146915,0.5
history_shift,tariff_6,tariff_17,MID,-0.42619882399020903,0.5
history_shift,tariff_6,tariff_18,MID,0.06440235616695811,0.5
history_shift,tariff_6,tariff_19,MID,-0.47155687731009965,0.5
history_shift,tariff_6,tariff_2,MID,0.1393554044325627,0.5
history_shift,tariff_6,tariff_20,MID,-0.02458901664879571,0.5
history_shift,tariff_6,tariff_21,MID,-0.0980018668874066,0.5
history_shift,tariff_6,tariff_3,MID,-0.0664938634824324,0.5
history_shift,tariff_6,tariff_4,MID,0.12090994832276473,0.5
history_shift,tariff_6,tariff_5,MID,0.14515778852049216,0.5
history_shift,tariff_6,tariff_6,MID,0.0,0.5
history_shift,tariff_6,tariff_7,MID,-0.23573721312311166,0.5
history_shift,tariff_6,tariff_8,MID,0.10365875650261047,0.5
history_shift,tariff_6,tariff_9,MID,-0.3089968906493606,0.5
history_shift,tariff_7,tariff_1,HIGH,-0.01620639653728427,0.5
history_shift,tariff_7,tariff_10,HIGH,-0.1840339763284202,0.5
history_shift,tariff_7,tariff_11,HIGH,0.040999081367728375,0.5
history_shift,tariff_7,tariff_12,HIGH,-0.16531461110433118,0.5
history_shift,tariff_7,tariff_13,HIGH,0.06182069118667866,0.5
history_shift,tariff_7,tariff_14,HIGH,-0.016763304418993097,0.5
history_shift,tariff_7,tariff_15,HIGH,-0.007746210314134722,0.5
history_shift,tariff_7,tariff_16,HIGH,0.36839843038064046,0.5
history_shift,tariff_7,tariff_17,HIGH,-0.11052548799174922,0.5
history_shift,tariff_7,tariff_18,HIGH,-0.08903081248538885,0.5
history_shift,tariff_7,tariff_19,HIGH,-0.1747173465857665,0.5
history_shift,tariff_7,tariff_2,HIGH,-0.016280691687561404,0.5
history_shift,tariff_7,tariff_20,HIGH,0.19393697874085486,0.5
history_shift,tariff_7,tariff_21,HIGH,0.24660303975677408,0.5
history_shift,tariff_7,tariff_3,HIGH,-0.08411979760826017,0.5
history_shift,tariff_7,tariff_4,HIGH,0.17665689753861735,0.5
history_shift,tariff_7,tariff_5,HIGH,-0.1425288243809167,0.5
history_shift,tariff_7,tariff_6,HIGH,-0.2700406896159959,0.5
history_shift,tariff_7,tariff_7,HIGH,0.0,0.5
history_shift,tariff_7,tariff_8,HIGH,-0.26974507663099717,0.5
history_shift,tariff_7,tariff_9,HIGH,0.09019306206013863,0.5
history_shift,tariff_7,tariff_1,LOW,0.07167032535880305,0.5
history_shift,tariff_7,tariff_10,LOW,0.33630013210033194,0.5
history_shift,tariff_7,tariff_11,LOW,-0.13657659740924719,0.5
history_shift,tariff_7,tariff_12,LOW,-0.032403818283830335,0.5
history_shift,tariff_7,tariff_13,LOW,0.3216274159705925,0.5
history_shift,tariff_7,tariff_14,LOW,-0.32717590455095735,0.5
history_shift,tariff_7,tariff_15,LOW,-0.11927946738989686,0.5
history_shift,tariff_7,tariff_16,LOW,0.2756706007516043,0.5
history_shift,tariff_7,tariff_17,LOW,0.07056979088819891,0.5
history_shift,tariff_7,tariff_18,LOW,-0.24425208854867228,0.5
history_shift,tariff_7,tariff_19,LOW,-0.04663503447768147,0.5
history_shift,tariff_7,tariff_2,LOW,0.3087247404275638,0.5
history_shift,tariff_7,tariff_20,LOW,-0.021050056088040024,0.5
history_shift,tariff_7,tariff_21,LOW,-0.19548271001171433,0.5
history_shift,tariff_7,tariff_3,LOW,-0.05339372606465145,0.5
history_shift,tariff_7,tariff_4,LOW,0.3081156594010095,0.5
history_shift,tariff_7,tariff_5,LOW,0.20394444225833736,0.5
history_shift,tariff_7,tariff_6,LOW,0.09457566052768114,0.5
history_shift,tariff_7,tariff_7,LOW,0.0,0.5
history_shift,tariff_7,tariff_8,LOW,0.24843064807884452,0.5
history_shift,tariff_7,tariff_9,LOW,0.6307474875742353,0.5
history_shift,tariff_7,tariff_1,MID,0.03407698042860887,0.5
history_shift,tariff_7,tariff_10,MID,-0.17849416406754826,0.5
history_shift,tariff_7,tariff_11,MID,-0.054059689143500435,0.5
history_shift,tariff_7,tariff_12,MID,-0.10398250335593488,0.5
history_shift,tariff_7,tariff_13,MID,-0.12606545793216475,0.5
history_shift,tariff_7,tariff_14,MID,0.1270417185456934,0.5
history_shift,tariff_7,tariff_15,MID,-0.45427457965867046,0.5
history_shift,tariff_7,tariff_16,MID,-0.1003671619827039,0.5
history_shift,tariff_7,tariff_17,MID,0.3069629380283735,0.5
history_shift,tariff_7,tariff_18,MID,0.2139870394164555,0.5
history_shift,tariff_7,tariff_19,MID,-0.0248550571007016,0.5
history_shift,tariff_7,tariff_2,MID,0.19960046724338348,0.5
history_shift,tariff_7,tariff_20,MID,-0.19010515434637912,0.5
history_shift,tariff_7,tariff_21,MID,0.09121231687429035,0.5
history_shift,tariff_7,tariff_3,MID,-0.012496467778612456,0.5
history_shift,tariff_7,tariff_4,MID,0.16680122202095285,0.5
history_shift,tariff_7,tariff_5,MID,0.028435573793358204,0.5
history_shift,tariff_7,tariff_6,MID,0.3350324166747558,0.5
history_shift,tariff_7,tariff_7,MID,0.0,0.5
history_shift,tariff_7,tariff_8,MID,-0.3091729632994494,0.5
history_shift,tariff_7,tariff_9,MID,0.11640751185480328,0.5
history_shift,tariff_8,tariff_1,HIGH,0.06608267795517213,0.5
history_shift,tariff_8,tariff_10,HIGH,0.1039786591197351,0.5
history_shift,tariff_8,tariff_11,HIGH,0.08765713877835628,0.5
history_shift,tariff_8,tariff_12,HIGH,-0.03122343626501958,0.5
history_shift,tariff_8,tariff_13,HIGH,-0.3009531028775185,0.5
history_shift,tariff_8,tariff_14,HIGH,0.02493036403071385,0.5
history_shift,tariff_8,tariff_15,HIGH,0.35117372236619926,0.5
history_shift,tariff_8,tariff_16,HIGH,0.02998896205942872,0.5
history_shift,tariff_8,tariff_17,HIGH,-0.32647711602013674,0.5
history_shift,tariff_8,tariff_18,HIGH,-0.05819331936795494,0.5
history_shift,tariff_8,tariff_19,HIGH,0.10484469387997616,0.5
history_shift,tariff_8,tariff_2,HIGH,-0.11160125758251299,0.5
history_shift,tariff_8,tariff_20,HIGH,0.21841482053172528,0.5
history_shift,tariff_8,tariff_21,HIGH,0.198612427219529,0.5
history_shift,tariff_8,tariff_3,HIGH,0.1257197400015922,0.5
history_shift,tariff_8,tariff_4,HIGH,0.02988547345403427,0.5
history_shift,tariff_8,tariff_5,HIGH,0.4254966405977878,0.5
history_shift,tariff_8,tariff_6,HIGH,0.21426707921308227,0.5
history_shift,tariff_8,tariff_7,HIGH,0.2775497614852498,0.5
history_shift,tariff_8,tariff_8,HIGH,0.0,0.5
history_shift,tariff_8,tariff_9,HIGH,0.28785717511647035,0.5
history_shift,tariff_8,tariff_1,LOW,0.3067079308054073,0.5
history_shift,tariff_8,tariff_10,LOW,0.3129185341943813,0.5
history_shift,tariff_8,tariff_11,LOW,0.31043300529872697,0.5
history_shift,tariff_8,tariff_12,LOW,0.09230561059636043,0.5
history_shift,tariff_8,tariff_13,LOW,0.47214460629336036,0.5
history_shift,tariff_8,tariff_14,LOW,-0.06762238048494108,0.5
history_shift,tariff_8,tariff_15,LOW,0.20409263388542268,0.5
history_shift,tariff_8,tariff_16,LOW,-0.14892099701966346,0.5
history_shift,tariff_8,tariff_17,LOW,0.08240265579642819,0.5
history_shift,tariff_8,tariff_18,LOW,-0.13978740411187762,0.5
history_shift,tariff_8,tariff_19,LOW,0.19558010389135017,0.5
history_shift,tariff_8,tariff_2,LOW,-0.17815826313597574,0.5
history_shift,tariff_8,tariff_20,LOW,-0.10448523588715877,0.5
history_shift,tariff_8,tariff_21,LOW,0.10699279526198552,0.5
history_shift,tariff_8,tariff_3,LOW,-0.09062645800037156,0.5
history_shift,tariff_8,tariff_4,LOW,0.3109557978830844,0.5
history_shift,tariff_8,tariff_5,LOW,0.013345055904576783,0.5
history_shift,tariff_8,tariff_6,LOW,0.10981148410547073,0.5
history_shift,tariff_8,tariff_7,LOW,0.052397159019146086,0.5
history_shift,tariff_8,tariff_8,LOW,0.0,0.5
history_shift,tariff_8,tariff_9,LOW,0.6832435907703719,0.5
history_shift,tariff_8,tariff_1,MID,0.3694627382834538,0.5
history_shift,tariff_8,tariff_10,MID,0.22792443145974617,0.5
history_shift,tariff_8,tariff_11,MID,-0.07123129700273645,0.5
history_shift,tariff_8,tariff_12,MID,0.06998435395813511,0.5
history_shift,tariff_8,tariff_13,MID,0.3792456051538618,0.5
history_shift,tariff_8,tariff_14,MID,0.27711609320925135,0.5
history_shift,tariff_8,tariff_15,MID,0.23385829216370502,0.5
history_shift,tariff_8,tariff_16,MID,0.012355633604457125,0.5
history_shift,tariff_8,tariff_17,MID,-0.14187245455235833,0.5
history_shift,tariff_8,tariff_18,MID,-0.0047036262510407045,0.5
history_shift,tariff_8,tariff_19,MID,0.4132237529662638,0.5
history_shift,tariff_8,tariff_2,MID,0.3692913828396758,0.5
history_shift,tariff_8,tariff_20,MID,0.19235174895975166,0.5
history_shift,tariff_8,tariff_21,MID,0.13847802315195948,0.5
history_shift,tariff_8,tariff_3,MID,-0.08128643962545029,0.5
history_shift,tariff_8,tariff_4,MID,-0.014733305871025934,0.5
history_shift,tariff_8,tariff_5,MID,0.07824713666927757,0.5
history_shift,tariff_8,tariff_6,MID,-0.21244447813814946,0.5
history_shift,tariff_8,tariff_7,MID,0.3459528069998058,0.5
history_shift,tariff_8,tariff_8,MID,0.0,0.5
history_shift,tariff_8,tariff_9,MID,0.41533976268103057,0.5
history_shift,tariff_9,tariff_1,HIGH,-0.17723054686779682,0.5
history_shift,tariff_9,tariff_10,HIGH,-0.0976831849326784,0.5
history_shift,tariff_9,tariff_11,HIGH,-0.09729202489317668,0.5
history_shift,tariff_9,tariff_12,HIGH,0.035118758117935696,0.5
history_shift,tariff_9,tariff_13,HIGH,-0.17746481618228482,0.5
history_shift,tariff_9,tariff_14,HIGH,-0.11672960490185713,0.5
history_shift,tariff_9,tariff_15,HIGH,-0.12457932731935803,0.5
history_shift,tariff_9,tariff_16,HIGH,0.06954244043600347,0.5
history_shift,tariff_9,tariff_17,HIGH,-0.009786111935945252,0.5
history_shift,tariff_9,tariff_18,HIGH,-0.43438622664134185,0.5
history_shift,tariff_9,tariff_19,HIGH,0.10443402180613066,0.5
history_shift,tariff_9,tariff_2,HIGH,-0.08982642177307255,0.5
history_shift,tariff_9,tariff_20,HIGH,0.15488321972556515,0.5
history_shift,tariff_9,tariff_21,HIGH,-0.008440544868937305,0.5
history_shift,tariff_9,tariff_3,HIGH,0.02486332040226408,0.5
history_shift,tariff_9,tariff_4,HIGH,-0.06395958886594363,0.5
history_shift,tariff_9,tariff_5,HIGH,0.34754508533016504,0.5
history_shift,tariff_9,tariff_6,HIGH,-0.17457148855262772,0.5
history_shift,tariff_9,tariff_7,HIGH,0.3174271037845865,0.5
history_shift,tariff_9,tariff_8,HIGH,-0.2577122694815877,0.5
history_shift,tariff_9,tariff_9,HIGH,0.0,0.5
history_shift,tariff_9,tariff_1,LOW,0.25927512402320174,0.5
history_shift,tariff_9,tariff_10,LOW,0.05083876950447025,0.5
history_shift,tariff_9,tariff_11,LOW,0.15619921076471482,0.5
history_shift,tariff_9,tariff_12,LOW,0.1854095301666339,0.5
history_shift,tariff_9,tariff_13,LOW,0.4688460547374257,0.5
history_shift,tariff_9,tariff_14,LOW,0.05046476411397126,0.5
history_shift,tariff_9,tariff_15,LOW,-0.2851673151941678,0.5
history_shift,tariff_9,tariff_16,LOW,0.32525129671852193,0.5
history_shift,tariff_9,tariff_17,LOW,-0.1174420798704533,0.5
history_shift,tariff_9,tariff_18,LOW,-0.32104196380462724,0.5
history_shift,tariff_9,tariff_19,LOW,0.34113913259639506,0.5
history_shift,tariff_9,tariff_2,LOW,-0.03888422497936175,0.5
history_shift,tariff_9,tariff_20,LOW,-0.05232919199567852,0.5
history_shift,tariff_9,tariff_21,LOW,0.07020049862696306,0.5
history_shift,tariff_9,tariff_3,LOW,0.17624874346205696,0.5
history_shift,tariff_9,tariff_4,LOW,0.2682791421787575,0.5
history_shift,tariff_9,tariff_5,LOW,-0.01057733626164866,0.5
history_shift,tariff_9,tariff_6,LOW,-0.011209319812790934,0.5
history_shift,tariff_9,tariff_7,LOW,0.11947966038420679,0.5
history_shift,tariff_9,tariff_8,LOW,0.29808790821785636,0.5
history_shift,tariff_9,tariff_9,LOW,0.0,0.5
history_shift,tariff_9,tariff_1,MID,-0.17735619706055392,0.5
history_shift,tariff_9,tariff_10,MID,0.06494283367365757,0.5
history_shift,tariff_9,tariff_11,MID,-0.15337466855469237,0.5
history_shift,tariff_9,tariff_12,MID,-0.07723612467255395,0.5
history_shift,tariff_9,tariff_13,MID,0.02765718789157145,0.5
history_shift,tariff_9,tariff_14,MID,0.10085320901812277,0.5
history_shift,tariff_9,tariff_15,MID,-0.017325476540074186,0.5
history_shift,tariff_9,tariff_16,MID,-0.19190026219808115,0.5
history_shift,tariff_9,tariff_17,MID,0.18892595006966661,0.5
history_shift,tariff_9,tariff_18,MID,0.14009580033887475,0.5
history_shift,tariff_9,tariff_19,MID,0.12235389153819039,0.5
history_shift,tariff_9,tariff_2,MID,-0.040220304878728894,0.5
history_shift,tariff_9,tariff_20,MID,-0.23510772768337238,0.5
history_shift,tariff_9,tariff_21,MID,0.009343823576163847,0.5
history_shift,tariff_9,tariff_3,MID,0.18874741036742168,0.5
history_shift,tariff_9,tariff_4,MID,0.24266181933390907,0.5
history_shift,tariff_9,tariff_5,MID,-0.04491782106196596,0.5
history_shift,tariff_9,tariff_6,MID,0.08663843244435784,0.5
history_shift,tariff_9,tariff_7,MID,0.024564809799058306,0.5
history_shift,tariff_9,tariff_8,MID,-0.011237119110076091,0.5
history_shift,tariff_9,tariff_9,MID,0.0,0.5
weak_history,tariff_1,tariff_1,HIGH,0.0,0.5
weak_history,tariff_1,tariff_10,HIGH,0.1270806942197002,0.5
weak_history,tariff_1,tariff_11,HIGH,-0.11000666046989448,0.5
weak_history,tariff_1,tariff_12,HIGH,0.1296992802097327,0.5
weak_history,tariff_1,tariff_13,HIGH,-0.21404048684904486,0.5
weak_history,tariff_1,tariff_14,HIGH,0.035692580700057756,0.5
weak_history,tariff_1,tariff_15,HIGH,0.019241126528258906,0.5
weak_history,tariff_1,tariff_16,HIGH,-0.23704636240021074,0.5
weak_history,tariff_1,tariff_17,HIGH,0.1602425257267276,0.5
weak_history,tariff_1,tariff_18,HIGH,-0.3678429556741427,0.5
weak_history,tariff_1,tariff_19,HIGH,-0.39924277716823175,0.5
weak_history,tariff_1,tariff_2,HIGH,-0.10260949298519398,0.5
weak_history,tariff_1,tariff_20,HIGH,-0.10144844314517307,0.5
weak_history,tariff_1,tariff_21,HIGH,0.38179509172548365,0.5
weak_history,tariff_1,tariff_3,HIGH,-0.1137061699128466,0.5
weak_history,tariff_1,tariff_4,HIGH,0.44649449875568,0.5
weak_history,tariff_1,tariff_5,HIGH,0.00020794197312223178,0.5
weak_history,tariff_1,tariff_6,HIGH,-0.08260707543888297,0.5
weak_history,tariff_1,tariff_7,HIGH,0.1876511685862708,0.5
weak_history,tariff_1,tariff_8,HIGH,-0.0033670221253975473,0.5
weak_history,tariff_1,tariff_9,HIGH,0.1145896372027659,0.5
weak_history,tariff_1,tariff_1,LOW,0.0,0.5
weak_history,tariff_1,tariff_10,LOW,0.11063839886935177,0.5
weak_history,tariff_1,tariff_11,LOW,0.10130492409708529,0.5
weak_history,tariff_1,tariff_12,LOW,-0.28189958525861003,0.5
weak_history,tariff_1,tariff_13,LOW,0.004663150255885214,0.5
weak_history,tariff_1,tariff_14,LOW,-0.5060147903830428,0.5
weak_history,tariff_1,tariff_15,LOW,0.06568954825049642,0.5
weak_history,tariff_1,tariff_16,LOW,-0.24710831137322872,0.5
weak_history,tariff_1,tariff_17,LOW,-0.00044625749909301543,0.5
weak_history,tariff_1,tariff_18,LOW,-0.03668184762793973,0.5
weak_history,tariff_1,tariff_19,LOW,0.506627158844,0.5
weak_history,tariff_1,tariff_2,LOW,-0.35397666618068613,0.5
weak_history,tariff_1,tariff_20,LOW,-0.4886200330263376,0.5
weak_history,tariff_1,tariff_21,LOW,0.09514395616952977,0.5
weak_history,tariff_1,tariff_3,LOW,-0.029135784325319943,0.5
weak_history,tariff_1,tariff_4,LOW,1.1018000237442098,0.5
weak_history,tariff_1,tariff_5,LOW,0.04232702086704745,0.5
weak_history,tariff_1,tariff_6,LOW,-0.13808937509024283,0.5
weak_history,tariff_1,tariff_7,LOW,-0.8174511744480529,0.5
weak_history,tariff_1,tariff_8,LOW,0.20242313574792797,0.5
weak_history,tariff_1,tariff_9,LOW,-0.23381954392577026,0.5
weak_history,tariff_1,tariff_1,MID,0.0,0.5
weak_history,tariff_1,tariff_10,MID,0.13824226123217667,0.5
weak_history,tariff_1,tariff_11,MID,0.21359607025548868,0.5
weak_history,tariff_1,tariff_12,MID,0.5647742747374218,0.5
weak_history,tariff_1,tariff_13,MID,0.5750395554997807,0.5
weak_history,tariff_1,tariff_14,MID,0.4547231690597183,0.5
weak_history,tariff_1,tariff_15,MID,0.07107874587048851,0.5
weak_history,tariff_1,tariff_16,MID,-0.023438031631389446,0.5
weak_history,tariff_1,tariff_17,MID,0.4549431568477582,0.5
weak_history,tariff_1,tariff_18,MID,0.3015428247604398,0.5
weak_history,tariff_1,tariff_19,MID,-0.06963064347819031,0.5
weak_history,tariff_1,tariff_2,MID,-0.01416679184535969,0.5
weak_history,tariff_1,tariff_20,MID,-0.271271467471222,0.5
weak_history,tariff_1,tariff_21,MID,-0.16820842238328892,0.5
weak_history,tariff_1,tariff_3,MID,0.09410720187375952,0.5
weak_history,tariff_1,tariff_4,MID,-0.35510934838867064,0.5
weak_history,tariff_1,tariff_5,MID,-0.223272783182043,0.5
weak_history,tariff_1,tariff_6,MID,-0.12294755678809541,0.5
weak_history,tariff_1,tariff_7,MID,-0.17041689863233567,0.5
weak_history,tariff_1,tariff_8,MID,-0.19545655948423785,0.5
weak_history,tariff_1,tariff_9,MID,0.16943516685121696,0.5
weak_history,tariff_10,tariff_1,HIGH,-0.33920014482522676,0.5
weak_history,tariff_10,tariff_10,HIGH,0.0,0.5
weak_history,tariff_10,tariff_11,HIGH,0.07415337567262906,0.5
weak_history,tariff_10,tariff_12,HIGH,0.6166919773854449,0.5
weak_history,tariff_10,tariff_13,HIGH,0.47035237245318917,0.5
weak_history,tariff_10,tariff_14,HIGH,0.12410349373724465,0.5
weak_history,tariff_10,tariff_15,HIGH,-0.47031461516401674,0.5
weak_history,tariff_10,tariff_16,HIGH,-0.12897107025995813,0.5
weak_history,tariff_10,tariff_17,HIGH,-0.032748913596297724,0.5
weak_history,tariff_10,tariff_18,HIGH,-0.13882984660103836,0.5
weak_history,tariff_10,tariff_19,HIGH,0.3466794407951681,0.5
weak_history,tariff_10,tariff_2,HIGH,-0.13994589005907312,0.5
weak_history,tariff_10,tariff_20,HIGH,0.5999495452653322,0.5
weak_history,tariff_10,tariff_21,HIGH,-0.553466016940787,0.5
weak_history,tariff_10,tariff_3,HIGH,0.014571787008242038,0.5
weak_history,tariff_10,tariff_4,HIGH,-0.22821971264418886,0.5
weak_history,tariff_10,tariff_5,HIGH,0.3092684105207547,0.5
weak_history,tariff_10,tariff_6,HIGH,0.24476097120957188,0.5
weak_history,tariff_10,tariff_7,HIGH,-0.14593746347349826,0.5
weak_history,tariff_10,tariff_8,HIGH,-0.018565575854939544,0.5
weak_history,tariff_10,tariff_9,HIGH,0.012568225555595,0.5
weak_history,tariff_10,tariff_1,LOW,-0.032424248475443694,0.5
weak_history,tariff_10,tariff_10,LOW,0.0,0.5
weak_history,tariff_10,tariff_11,LOW,0.12164587014511112,0.5
weak_history,tariff_10,tariff_12,LOW,0.5254831808437592,0.5
weak_history,tariff_10,tariff_13,LOW,-0.19235929359231865,0.5
weak_history,tariff_10,tariff_14,LOW,-0.4601518232296803,0.5
weak_history,tariff_10,tariff_15,LOW,0.347610464071208,0.5
weak_history,tariff_10,tariff_16,LOW,-0.12210286725993116,0.5
weak_history,tariff_10,tariff_17,LOW,-0.05438823855191666,0.5
weak_history,tariff_10,tariff_18,LOW,-0.29678049457150546,0.5
weak_history,tariff_10,tariff_19,LOW,0.3819988519805909,0.5
weak_history,tariff_10,tariff_2,LOW,0.28940276321265224,0.5
weak_history,tariff_10,tariff_20,LOW,0.023701942791418205,0.5
weak_history,tariff_10,tariff_21,LOW,-0.0024622233608490593,0.5
weak_history,tariff_10,tariff_3,LOW,-0.9,0.5
weak_history,tariff_10,tariff_4,LOW,0.3205324727255803,0.5
weak_history,tariff_10,tariff_5,LOW,0.026894451202567168,0.5
weak_history,tariff_10,tariff_6,LOW,-0.004241479472798661,0.5
weak_history,tariff_10,tariff_7,LOW,0.24915615502118352,0.5
weak_history,tariff_10,tariff_8,LOW,0.2670867159621653,0.5
weak_history,tariff_10,tariff_9,LOW,0.11891105562612331,0.5
weak_history,tariff_10,tariff_1,MID,0.1362967624039995,0.5
weak_history,tariff_10,tariff_10,MID,0.0,0.5
weak_history,tariff_10,tariff_11,MID,0.5221212082525374,0.5
weak_history,tariff_10,tariff_12,MID,0.41525175759763416,0.5
weak_history,tariff_10,tariff_13,MID,0.7283488407440736,0.5
weak_history,tariff_10,tariff_14,MID,0.236547069794459,0.5
weak_history,tariff_10,tariff_15,MID,-0.04993197032070611,0.5
weak_history,tariff_10,tariff_16,MID,0.11367855231850654,0.5
weak_history,tariff_10,tariff_17,MID,0.13838633782496695,0.5
weak_history,tariff_10,tariff_18,MID,-0.025391909050790383,0.5
weak_history,tariff_10,tariff_19,MID,0.12817514707724237,0.5
weak_history,tariff_10,tariff_2,MID,-0.09998671059979089,0.5
weak_history,tariff_10,tariff_20,MID,0.2806299012826238,0.5
weak_history,tariff_10,tariff_21,MID,0.06843015759829948,0.5
weak_history,tariff_10,tariff_3,MID,-0.10853933911014321,0.5
weak_history,tariff_10,tariff_4,MID,-0.34249071419405924,0.5
weak_history,tariff_10,tariff_5,MID,0.10051964175779175,0.5
weak_history,tariff_10,tariff_6,MID,0.28870855525793193,0.5
weak_history,tariff_10,tariff_7,MID,-0.5570939418399431,0.5
weak_history,tariff_10,tariff_8,MID,-0.33456385778431014,0.5
weak_history,tariff_10,tariff_9,MID,0.027336833251418374,0.5
weak_history,tariff_11,tariff_1,HIGH,0.1966450607529256,0.5
weak_history,tariff_11,tariff_10,HIGH,0.44808415966701015,0.5
weak_history,tariff_11,tariff_11,HIGH,0.0,0.5
weak_history,tariff_11,tariff_12,HIGH,-0.09985457926467739,0.5
weak_history,tariff_11,tariff_13,HIGH,0.24605510061287075,0.5
weak_history,tariff_11,tariff_14,HIGH,0.2553919620989234,0.5
weak_history,tariff_11,tariff_15,HIGH,0.2836236972549716,0.5
weak_history,tariff_11,tariff_16,HIGH,-0.6008650874682271,0.5
weak_history,tariff_11,tariff_17,HIGH,0.08403467693574934,0.5
weak_history,tariff_11,tariff_18,HIGH,0.2403466495494392,0.5
weak_history,tariff_11,tariff_19,HIGH,-0.6246112024486843,0.5
weak_history,tariff_11,tariff_2,HIGH,0.1652612042291552,0.5
weak_history,tariff_11,tariff_20,HIGH,0.06403029306606703,0.5
weak_history,tariff_11,tariff_21,HIGH,0.4521159285139792,0.5
weak_history,tariff_11,tariff_3,HIGH,-0.2989919813167361,0.5
weak_history,tariff_11,tariff_4,HIGH,-0.17609932572403655,0.5
weak_history,tariff_11,tariff_5,HIGH,0.321557819432039,0.5
weak_history,tariff_11,tariff_6,HIGH,0.011705403011916783,0.5
weak_history,tariff_11,tariff_7,HIGH,0.5570078319362214,0.5
weak_history,tariff_11,tariff_8,HIGH,0.10122438165248791,0.5
weak_history,tariff_11,tariff_9,HIGH,-0.21680741190801212,0.5
weak_history,tariff_11,tariff_1,LOW,0.11328916270480276,0.5
weak_history,tariff_11,tariff_10,LOW,-0.08855883367992179,0.5
weak_history,tariff_11,tariff_11,LOW,0.0,0.5
weak_history,tariff_11,tariff_12,LOW,0.5413011729641004,0.5
weak_history,tariff_11,tariff_13,LOW,0.6585250353846781,0.5
weak_history,tariff_11,tariff_14,LOW,0.06209451535876565,0.5
weak_history,tariff_11,tariff_15,LOW,0.14279077918828048,0.5
weak_history,tariff_11,tariff_16,LOW,0.13304416339489936,0.5
weak_history,tariff_11,tariff_17,LOW,-0.1564214055751089,0.5
weak_history,tariff_11,tariff_18,LOW,-0.0677462528530577,0.5
weak_history,tariff_11,tariff_19,LOW,-0.4875991875993222,0.5
weak_history,tariff_11,tariff_2,LOW,-0.3984718109110157,0.5
weak_history,tariff_11,tariff_20,LOW,-0.0695397424066771,0.5
weak_history,tariff_11,tariff_21,LOW,0.27185864974350116,0.5
weak_history,tariff_11,tariff_3,LOW,-0.0340002275032195,0.5
weak_history,tariff_11,tariff_4,LOW,-0.5816121359105353,0.5
weak_history,tariff_11,tariff_5,LOW,0.06515353436917874,0.5
weak_history,tariff_11,tariff_6,LOW,0.44179872291763356,0.5
weak_history,tariff_11,tariff_7,LOW,0.08920282464225701,0.5
weak_history,tariff_11,tariff_8,LOW,-0.04437594792243004,0.5
weak_history,tariff_11,tariff_9,LOW,-0.4037841399933038,0.5
weak_history,tariff_11,tariff_1,MID,-0.043612140011435936,0.5
weak_history,tariff_11,tariff_10,MID,-0.0630424509035715,0.5
weak_history,tariff_11,tariff_11,MID,0.0,0.5
weak_history,tariff_11,tariff_12,MID,0.40122979254692764,0.5
weak_history,tariff_11,tariff_13,MID,-0.033514084446902376,0.5
weak_history,tariff_11,tariff_14,MID,0.2644929353092892,0.5
weak_history,tariff_11,tariff_15,MID,0.1114430138227298,0.5
weak_history,tariff_11,tariff_16,MID,-0.24764561921892655,0.5
weak_history,tariff_11,tariff_17,MID,-0.1650827450140716,0.5
weak_history,tariff_11,tariff_18,MID,0.24330949088909123,0.5
weak_history,tariff_11,tariff_19,MID,-0.1417083663107613,0.5
weak_history,tariff_11,tariff_2,MID,0.03534047435718764,0.5
weak_history,tariff_11,tariff_20,MID,0.2298990108963737,0.5
weak_history,tariff_11,tariff_21,MID,-0.4578690180210906,0.5
weak_history,tariff_11,tariff_3,MID,0.08260012900973501,0.5
weak_history,tariff_11,tariff_4,MID,0.006038782093719397,0.5
weak_history,tariff_11,tariff_5,MID,0.19003911555959252,0.5
weak_history,tariff_11,tariff_6,MID,0.5009400394511399,0.5
weak_history,tariff_11,tariff_7,MID,-0.48182361224378645,0.5
weak_history,tariff_11,tariff_8,MID,0.16125763633061346,0.5
weak_history,tariff_11,tariff_9,MID,0.16527636690384473,0.5
weak_history,tariff_12,tariff_1,HIGH,0.5349410570118331,0.5
weak_history,tariff_12,tariff_10,HIGH,0.33470406012037834,0.5
weak_history,tariff_12,tariff_11,HIGH,0.29926387829229256,0.5
weak_history,tariff_12,tariff_12,HIGH,0.0,0.5
weak_history,tariff_12,tariff_13,HIGH,-0.11317726884992221,0.5
weak_history,tariff_12,tariff_14,HIGH,-0.2053328615715777,0.5
weak_history,tariff_12,tariff_15,HIGH,-0.054658519911172904,0.5
weak_history,tariff_12,tariff_16,HIGH,-0.3112109340347091,0.5
weak_history,tariff_12,tariff_17,HIGH,0.19635492567740506,0.5
weak_history,tariff_12,tariff_18,HIGH,-0.27229703853703624,0.5
weak_history,tariff_12,tariff_19,HIGH,-0.006939961554147764,0.5
weak_history,tariff_12,tariff_2,HIGH,-0.11818379218294345,0.5
weak_history,tariff_12,tariff_20,HIGH,-0.29320230509293754,0.5
weak_history,tariff_12,tariff_21,HIGH,0.06308773467009461,0.5
weak_history,tariff_12,tariff_3,HIGH,0.5053996757412844,0.5
weak_history,tariff_12,tariff_4,HIGH,0.14735224416594467,0.5
weak_history,tariff_12,tariff_5,HIGH,0.26223014123549604,0.5
weak_history,tariff_12,tariff_6,HIGH,0.23593456769162613,0.5
weak_history,tariff_12,tariff_7,HIGH,-0.16547148349171945,0.5
weak_history,tariff_12,tariff_8,HIGH,-0.14066103245104827,0.5
weak_history,tariff_12,tariff_9,HIGH,0.1348134329117805,0.5
weak_history,tariff_12,tariff_1,LOW,0.38461676368307696,0.5
weak_history,tariff_12,tariff_10,LOW,0.07257727330318713,0.5
weak_history,tariff_12,tariff_11,LOW,-0.09214332074132059,0.5
weak_history,tariff_12,tariff_12,LOW,0.0,0.5
weak_history,tariff_12,tariff_13,LOW,0.2893906360450364,0.5
weak_history,tariff_12,tariff_14,LOW,0.5639472162821321,0.5
weak_history,tariff_12,tariff_15,LOW,-0.05666674157754481,0.5
weak_history,tariff_12,tariff_16,LOW,0.4774881627503965,0.5
weak_history,tariff_12,tariff_17,LOW,0.8171473409303043,0.5
weak_history,tariff_12,tariff_18,LOW,-0.48660206514899085,0.5
weak_history,tariff_12,tariff_19,LOW,-0.1310885928972307,0.5
weak_history,tariff_12,tariff_2,LOW,-0.14101422759258547,0.5
weak_history,tariff_12,tariff_20,LOW,0.15575951092293627,0.5
weak_history,tariff_12,tariff_21,LOW,-0.10392554396045459,0.5
weak_history,tariff_12,tariff_3,LOW,-0.03785333611908705,0.5
weak_history,tariff_12,tariff_4,LOW,0.1425897040655699,0.5
weak_history,tariff_12,tariff_5,LOW,0.10167375395599591,0.5
weak_history,tariff_12,tariff_6,LOW,-0.10543346259002029,0.5
weak_history,tariff_12,tariff_7,LOW,0.31771714049341415,0.5
weak_history,tariff_12,tariff_8,LOW,-0.0007908137182909628,0.5
weak_history,tariff_12,tariff_9,LOW,-0.19142731903585558,0.5
weak_history,tariff_12,tariff_1,MID,0.004407022424968295,0.5
weak_history,tariff_12,tariff_10,MID,-0.15111500839823083,0.5
weak_history,tariff_12,tariff_11,MID,-0.04412424821591994,0.5
weak_history,tariff_12,tariff_12,MID,0.0,0.5
weak_history,tariff_12,tariff_13,MID,0.05643102919472366,0.5
weak_history,tariff_12,tariff_14,MID,0.08137262861509913,0.5
weak_history,tariff_12,tariff_15,MID,-0.18087888726711482,0.5
weak_history,tariff_12,tariff_16,MID,0.03210882407495842,0.5
weak_history,tariff_12,tariff_17,MID,-0.3717111244983573,0.5
weak_history,tariff_12,tariff_18,MID,-0.10246547017082414,0.5
weak_history,tariff_12,tariff_19,MID,0.23792099894866903,0.5
weak_history,tariff_12,tariff_2,MID,-0.4134990574981441,0.5
weak_history,tariff_12,tariff_20,MID,0.1873458207600336,0.5
weak_history,tariff_12,tariff_21,MID,-0.0513743897076856,0.5
weak_history,tariff_12,tariff_3,MID,-0.2541627159231886,0.5
weak_history,tariff_12,tariff_4,MID,0.38833169834532444,0.5
weak_history,tariff_12,tariff_5,MID,0.2645589363208165,0.5
weak_history,tariff_12,tariff_6,MID,-0.34932136251330914,0.5
weak_history,tariff_12,tariff_7,MID,-0.15952988151540962,0.5
weak_history,tariff_12,tariff_8,MID,0.06602973653218466,0.5
weak_history,tariff_12,tariff_9,MID,0.026734933766963558,0.5
weak_history,tariff_13,tariff_1,HIGH,0.34440312755703767,0.5
weak_history,tariff_13,tariff_10,HIGH,-0.06828741356819622,0.5
weak_history,tariff_13,tariff_11,HIGH,-0.11158530193174371,0.5
weak_history,tariff_13,tariff_12,HIGH,0.17430053634302234,0.5
weak_history,tariff_13,tariff_13,HIGH,0.0,0.5
weak_history,tariff_13,tariff_14,HIGH,0.25165592735492326,0.5
weak_history,tariff_13,tariff_15,HIGH,0.12611865918085285,0.5
weak_history,tariff_13,tariff_16,HIGH,-0.020647734676683564,0.5
weak_history,tariff_13,tariff_17,HIGH,0.2976940198850557,0.5
weak_history,tariff_13,tariff_18,HIGH,0.08502311875325864,0.5
weak_history,tariff_13,tariff_19,HIGH,-0.2757832524413555,0.5
weak_history,tariff_13,tariff_2,HIGH,0.08729942966491483,0.5
weak_history,tariff_13,tariff_20,HIGH,-0.32662446158689296,0.5
weak_history,tariff_13,tariff_21,HIGH,0.20593360881353062,0.5
weak_history,tariff_13,tariff_3,HIGH,-0.07905649561526513,0.5
weak_history,tariff_13,tariff_4,HIGH,-0.3999628451133044,0.5
weak_history,tariff_13,tariff_5,HIGH,0.506789850777101,0.5
weak_history,tariff_13,tariff_6,HIGH,-0.18564299642998866,0.5
weak_history,tariff_13,tariff_7,HIGH,-0.2975461755631603,0.5
weak_history,tariff_13,tariff_8,HIGH,-0.663693525599899,0.5
weak_history,tariff_13,tariff_9,HIGH,0.13197008761611578,0.5
weak_history,tariff_13,tariff_1,LOW,0.5502257809730917,0.5
weak_history,tariff_13,tariff_10,LOW,0.2725833835195186,0.5
weak_history,tariff_13,tariff_11,LOW,0.22134553176968652,0.5
weak_history,tariff_13,tariff_12,LOW,0.052024683968080646,0.5
weak_history,tariff_13,tariff_13,LOW,0.0,0.5
weak_history,tariff_13,tariff_14,LOW,-0.07721374135334805,0.5
weak_history,tariff_13,tariff_15,LOW,0.08161586322577338,0.5
weak_history,tariff_13,tariff_16,LOW,-0.29278879258007473,0.5
weak_history,tariff_13,tariff_17,LOW,0.18600129078995367,0.5
weak_history,tariff_13,tariff_18,LOW,0.21259679388477346,0.5
weak_history,tariff_13,tariff_19,LOW,-0.3765091391739831,0.5
weak_history,tariff_13,tariff_2,LOW,-0.17274265015028367,0.5
weak_history,tariff_13,tariff_20,LOW,-0.04476195739834897,0.5
weak_history,tariff_13,tariff_21,LOW,0.13679377951084043,0.5
weak_history,tariff_13,tariff_3,LOW,-0.4474452709613598,0.5
weak_history,tariff_13,tariff_4,LOW,0.24574847793604387,0.5
weak_history,tariff_13,tariff_5,LOW,-0.033260707027085154,0.5
weak_history,tariff_13,tariff_6,LOW,0.10559433304804725,0.5
weak_history,tariff_13,tariff_7,LOW,0.32022768436016014,0.5
weak_history,tariff_13,tariff_8,LOW,0.38979916797404834,0.5
weak_history,tariff_13,tariff_9,LOW,0.6686052649895954,0.5
weak_history,tariff_13,tariff_1,MID,0.06722908890160234,0.5
weak_history,tariff_13,tariff_10,MID,-0.11805882901735924,0.5
weak_history,tariff_13,tariff_11,MID,-0.3522776448135709,0.5
weak_history,tariff_13,tariff_12,MID,0.10119979367504625,0.5
weak_history,tariff_13,tariff_13,MID,0.0,0.5
weak_history,tariff_13,tariff_14,MID,0.1857146031160836,0.5
weak_history,tariff_13,tariff_15,MID,0.3219218759156366,0.5
weak_history,tariff_13,tariff_16,MID,-0.5001321110006554,0.5
weak_history,tariff_13,tariff_17,MID,0.5409406720571143,0.5
weak_history,tariff_13,tariff_18,MID,0.5857973358233637,0.5
weak_history,tariff_13,tariff_19,MID,-0.3114621796074408,0.5
weak_history,tariff_13,tariff_2,MID,0.1440198389377163,0.5
weak_history,tariff_13,tariff_20,MID,0.40529383851375334,0.5
weak_history,tariff_13,tariff_21,MID,0.10188655651330593,0.5
weak_history,tariff_13,tariff_3,MID,-0.1477333139927623,0.5
weak_history,tariff_13,tariff_4,MID,-0.1447424444591377,0.5
weak_history,tariff_13,tariff_5,MID,0.10365771312831631,0.5
weak_history,tariff_13,tariff_6,MID,0.0765075652927242,0.5
weak_history,tariff_13,tariff_7,MID,0.13958390995720016,0.5
weak_history,tariff_13,tariff_8,MID,-0.0702051923654008,0.5
weak_history,tariff_13,tariff_9,MID,-0.05097978192737825,0.5
weak_history,tariff_14,tariff_1,HIGH,0.3575313477061575,0.5
weak_history,tariff_14,tariff_10,HIGH,-0.24018682117462115,0.5
weak_history,tariff_14,tariff_11,HIGH,0.2667299732248348,0.5
weak_history,tariff_14,tariff_12,HIGH,0.02153768292854534,0.5
weak_history,tariff_14,tariff_13,HIGH,-0.15343625011295506,0.5
weak_history,tariff_14,tariff_14,HIGH,0.0,0.5
weak_history,tariff_14,tariff_15,HIGH,-0.559179823641027,0.5
weak_history,tariff_14,tariff_16,HIGH,-0.06604103104968424,0.5
weak_history,tariff_14,tariff_17,HIGH,-0.06948318137265166,0.5
weak_history,tariff_14,tariff_18,HIGH,0.43857622468885227,0.5
weak_history,tariff_14,tariff_19,HIGH,0.0002204923535957526,0.5
weak_history,tariff_14,tariff_2,HIGH,-0.26077109341062343,0.5
weak_history,tariff_14,tariff_20,HIGH,-0.07825291190531142,0.5
weak_history,tariff_14,tariff_21,HIGH,-0.016921986329321043,0.5
weak_history,tariff_14,tariff_3,HIGH,-0.07084429514672166,0.5
weak_history,tariff_14,tariff_4,HIGH,0.12416020434404805,0.5
weak_history,tariff_14,tariff_5,HIGH,-0.011282380684809759,0.5
weak_history,tariff_14,tariff_6,HIGH,-0.17607521887590244,0.5
weak_history,tariff_14,tariff_7,HIGH,0.18590132716446614,0.5
weak_history,tariff_14,tariff_8,HIGH,-0.5017267823456458,0.5
weak_history,tariff_14,tariff_9,HIGH,0.390989631718506,0.5
weak_history,tariff_14,tariff_1,LOW,0.2425118884692401,0.5
weak_history,tariff_14,tariff_10,LOW,-0.061939485736853594,0.5
weak_history,tariff_14,tariff_11,LOW,-0.136445335142203,0.5
weak_history,tariff_14,tariff_12,LOW,0.11815190118705622,0.5
weak_history,tariff_14,tariff_13,LOW,-0.11798259998074614,0.5
weak_history,tariff_14,tariff_14,LOW,0.0,0.5
weak_history,tariff_14,tariff_15,LOW,0.20591058989655783,0.5
weak_history,tariff_14,tariff_16,LOW,-0.3483659168365938,0.5
weak_history,tariff_14,tariff_17,LOW,-0.11873161736956311,0.5
weak_history,tariff_14,tariff_18,LOW,0.02586042297689614,0.5
weak_history,tariff_14,tariff_19,LOW,0.45112440440343227,0.5
weak_history,tariff_14,tariff_2,LOW,0.18676281950162907,0.5
weak_history,tariff_14,tariff_20,LOW,0.4239768607281085,0.5
weak_history,tariff_14,tariff_21,LOW,0.12662179827083428,0.5
weak_history,tariff_14,tariff_3,LOW,0.40924934239217414,0.5
weak_history,tariff_14,tariff_4,LOW,-0.08564220442553139,0.5
weak_history,tariff_14,tariff_5,LOW,0.12949388637957127,0.5
weak_history,tariff_14,tariff_6,LOW,0.7141302964508933,0.5
weak_history,tariff_14,tariff_7,LOW,-0.25894241066054147,0.5
weak_history,tariff_14,tariff_8,LOW,-0.29682417907855146,0.5
weak_history,tariff_14,tariff_9,LOW,0.08092127303286556,0.5
weak_history,tariff_14,tariff_1,MID,-0.33418704085840367,0.5
weak_history,tariff_14,tariff_10,MID,0.15648967160788899,0.5
weak_history,tariff_14,tariff_11,MID,-0.1255758226320926,0.5
weak_history,tariff_14,tariff_12,MID,0.5641083683637816,0.5
weak_history,tariff_14,tariff_13,MID,0.01869006912015668,0.5
weak_history,tariff_14,tariff_14,MID,0.0,0.5
weak_history,tariff_14,tariff_15,MID,0.05441041485131508,0.5
weak_history,tariff_14,tariff_16,MID,0.02770802036768444,0.5
weak_history,tariff_14,tariff_17,MID,0.30303063443624245,0.5
weak_history,tariff_14,tariff_18,MID,0.004710042059953932,0.5
weak_history,tariff_14,tariff_19,MID,-0.042500517058467135,0.5
weak_history,tariff_14,tariff_2,MID,0.0370525322147416,0.5
weak_history,tariff_14,tariff_20,MID,0.07055310242735946,0.5
weak_history,tariff_14,tariff_21,MID,0.33952973670810926,0.5
weak_history,tariff_14,tariff_3,MID,0.1775388074000563,0.5
weak_history,tariff_14,tariff_4,MID,-0.2846517782257569,0.5
weak_history,tariff_14,tariff_5,MID,0.01723847583141985,0.5
weak_history,tariff_14,tariff_6,MID,0.16927140526432902,0.5
weak_history,tariff_14,tariff_7,MID,-0.5649200647645619,0.5
weak_history,tariff_14,tariff_8,MID,0.12203474677458168,0.5
weak_history,tariff_14,tariff_9,MID,-0.7142404086666214,0.5
weak_history,tariff_15,tariff_1,HIGH,0.30231068891601076,0.5
weak_history,tariff_15,tariff_10,HIGH,0.4089927839267611,0.5
weak_history,tariff_15,tariff_11,HIGH,0.6208581521079889,0.5
weak_history,tariff_15,tariff_12,HIGH,0.6180108917167809,0.5
weak_history,tariff_15,tariff_13,HIGH,-0.2065813444709093,0.5
weak_history,tariff_15,tariff_14,HIGH,0.19689990762806567,0.5
weak_history,tariff_15,tariff_15,HIGH,0.0,0.5
weak_history,tariff_15,tariff_16,HIGH,-0.12830862123385806,0.5
weak_history,tariff_15,tariff_17,HIGH,0.10604340082704909,0.5
weak_history,tariff_15,tariff_18,HIGH,-0.16459845234249215,0.5
weak_history,tariff_15,tariff_19,HIGH,-0.13321373438316422,0.5
weak_history,tariff_15,tariff_2,HIGH,0.1718294180160915,0.5
weak_history,tariff_15,tariff_20,HIGH,-0.05067715936150398,0.5
weak_history,tariff_15,tariff_21,HIGH,0.2000161949733389,0.5
weak_history,tariff_15,tariff_3,HIGH,-0.07628438064324249,0.5
weak_history,tariff_15,tariff_4,HIGH,0.5218915620226103,0.5
weak_history,tariff_15,tariff_5,HIGH,-0.0005821337925998801,0.5
weak_history,tariff_15,tariff_6,HIGH,-0.187381427936439,0.5
weak_history,tariff_15,tariff_7,HIGH,-0.16206646492605567,0.5
weak_history,tariff_15,tariff_8,HIGH,-0.18861701634661865,0.5
weak_history,tariff_15,tariff_9,HIGH,0.2360021939135448,0.5
weak_history,tariff_15,tariff_1,LOW,0.09677546626944694,0.5
weak_history,tariff_15,tariff_10,LOW,0.3894244542117036,0.5
weak_history,tariff_15,tariff_11,LOW,0.11261424055335692,0.5
weak_history,tariff_15,tariff_12,LOW,0.25942373550119824,0.5
weak_history,tariff_15,tariff_13,LOW,0.12142992541585543,0.5
weak_history,tariff_15,tariff_14,LOW,-0.10974204747655505,0.5
weak_history,tariff_15,tariff_15,LOW,0.0,0.5
weak_history,tariff_15,tariff_16,LOW,0.4381932469464237,0.5
weak_history,tariff_15,tariff_17,LOW,-0.2393682253123912,0.5
weak_history,tariff_15,tariff_18,LOW,-0.3386013567950569,0.5
weak_history,tariff_15,tariff_19,LOW,-0.2390749189808379,0.5
weak_history,tariff_15,tariff_2,LOW,-0.6642704098158856,0.5
weak_history,tariff_15,tariff_20,LOW,-0.4717800639565315,0.5
weak_history,tariff_15,tariff_21,LOW,0.3577914492229132,0.5
weak_history,tariff_15,tariff_3,LOW,-0.3257115207527189,0.5
weak_history,tariff_15,tariff_4,LOW,0.1465698111866411,0.5
weak_history,tariff_15,tariff_5,LOW,0.28045262298177076,0.5
weak_history,tariff_15,tariff_6,LOW,0.16032640648347726,0.5
weak_history,tariff_15,tariff_7,LOW,-0.4202659737297272,0.5
weak_history,tariff_15,tariff_8,LOW,0.11496041903769244,0.5
weak_history,tariff_15,tariff_9,LOW,0.04583403801355319,0.5
weak_history,tariff_15,tariff_1,MID,-0.120649088025832,0.5
weak_history,tariff_15,tariff_10,MID,0.5301901601629616,0.5
weak_history,tariff_15,tariff_11,MID,-0.12299618464511974,0.5
weak_history,tariff_15,tariff_12,MID,-0.009784701163993463,0.5
weak_history,tariff_15,tariff_13,MID,0.20094302543354683,0.5
weak_history,tariff_15,tariff_14,MID,-0.6069865443734186,0.5
weak_history,tariff_15,tariff_15,MID,0.0,0.5
weak_history,tariff_15,tariff_16,MID,-0.0016085167553046703,0.5
weak_history,tariff_15,tariff_17,MID,-0.029422801862144965,0.5
weak_history,tariff_15,tariff_18,MID,-0.708494155283878,0.5
weak_history,tariff_15,tariff_19,MID,0.15401283823428105,0.5
weak_history,tariff_15,tariff_2,MID,-0.057842471477475094,0.5
weak_history,tariff_15,tariff_20,MID,-0.19134417064963805,0.5
weak_history,tariff_15,tariff_21,MID,0.19565452765916494,0.5
weak_history,tariff_15,tariff_3,MID,0.03044110882211553,0.5
weak_history,tariff_15,tariff_4,MID,0.037521833264954174,0.5
weak_history,tariff_15,tariff_5,MID,0.12456825648655262,0.5
weak_history,tariff_15,tariff_6,MID,0.4285982903652984,0.5
weak_history,tariff_15,tariff_7,MID,0.2106796244779202,0.5
weak_history,tariff_15,tariff_8,MID,0.13150997222942593,0.5
weak_history,tariff_15,tariff_9,MID,-0.2462885477347137,0.5
weak_history,tariff_16,tariff_1,HIGH,-0.56402485366427,0.5
weak_history,tariff_16,tariff_10,HIGH,0.37861205237814,0.5
weak_history,tariff_16,tariff_11,HIGH,0.00754651455502904,0.5
weak_history,tariff_16,tariff_12,HIGH,-0.2925704905258659,0.5
weak_history,tariff_16,tariff_13,HIGH,0.23805295258238188,0.5
weak_history,tariff_16,tariff_14,HIGH,-0.0312551818523158,0.5
weak_history,tariff_16,tariff_15,HIGH,0.006649928347296566,0.5
weak_history,tariff_16,tariff_16,HIGH,0.0,0.5
weak_history,tariff_16,tariff_17,HIGH,-0.09330621653569646,0.5
weak_history,tariff_16,tariff_18,HIGH,0.19562643740644936,0.5
weak_history,tariff_16,tariff_19,HIGH,-0.09152435206527822,0.5
weak_history,tariff_16,tariff_2,HIGH,-0.010388216454735102,0.5
weak_history,tariff_16,tariff_20,HIGH,0.013812270952024495,0.5
weak_history,tariff_16,tariff_21,HIGH,0.09891871327660454,0.5
weak_history,tariff_16,tariff_3,HIGH,0.603782865235677,0.5
weak_history,tariff_16,tariff_4,HIGH,0.23644636016931642,0.5
weak_history,tariff_16,tariff_5,HIGH,0.4675123768947248,0.5
weak_history,tariff_16,tariff_6,HIGH,-0.14830015373067557,0.5
weak_history,tariff_16,tariff_7,HIGH,0.4660542190288852,0.5
weak_history,tariff_16,tariff_8,HIGH,0.4695259357764886,0.5
weak_history,tariff_16,tariff_9,HIGH,-0.08160897374758459,0.5
weak_history,tariff_16,tariff_1,LOW,-0.2810737493943478,0.5
weak_history,tariff_16,tariff_10,LOW,0.2699764043140032,0.5
weak_history,tariff_16,tariff_11,LOW,-0.22178124964157184,0.5
weak_history,tariff_16,tariff_12,LOW,0.488665926328958,0.5
weak_history,tariff_16,tariff_13,LOW,-0.2176057012595029,0.5
weak_history,tariff_16,tariff_14,LOW,0.10932154502013663,0.5
weak_history,tariff_16,tariff_15,LOW,-0.19807911179263105,0.5
weak_history,tariff_16,tariff_16,LOW,0.0,0.5
weak_history,tariff_16,tariff_17,LOW,0.013162255575104687,0.5
weak_history,tariff_16,tariff_18,LOW,0.38327888992401005,0.5
weak_history,tariff_16,tariff_19,LOW,0.0198185931514628,0.5
weak_history,tariff_16,tariff_2,LOW,0.20933225384367612,0.5
weak_history,tariff_16,tariff_20,LOW,0.0010992678195255838,0.5
weak_history,tariff_16,tariff_21,LOW,0.366938412278244,0.5
weak_history,tariff_16,tariff_3,LOW,0.1644723404450763,0.5
weak_history,tariff_16,tariff_4,LOW,0.0743112347435983,0.5
weak_history,tariff_16,tariff_5,LOW,-0.2087182936186312,0.5
weak_history,tariff_16,tariff_6,LOW,0.10193633957515098,0.5
weak_history,tariff_16,tariff_7,LOW,-0.2679135750375692,0.5
weak_history,tariff_16,tariff_8,LOW,0.21059484528608968,0.5
weak_history,tariff_16,tariff_9,LOW,-0.07530384039307933,0.5
weak_history,tariff_16,tariff_1,MID,0.3870920956901325,0.5
weak_history,tariff_16,tariff_10,MID,-0.21468220023206244,0.5
weak_history,tariff_16,tariff_11,MID,0.392266003742309,0.5
weak_history,tariff_16,tariff_12,MID,0.27306909580752103,0.5
weak_history,tariff_16,tariff_13,MID,-0.6041489253255696,0.5
weak_history,tariff_16,tariff_14,MID,0.338542925614538,0.5
weak_history,tariff_16,tariff_15,MID,0.10068436840286377,0.5
weak_history,tariff_16,tariff_16,MID,0.0,0.5
weak_history,tariff_16,tariff_17,MID,-0.22840463072749626,0.5
weak_history,tariff_16,tariff_18,MID,0.22921750354587134,0.5
weak_history,tariff_16,tariff_19,MID,0.05626420444860231,0.5
weak_history,tariff_16,tariff_2,MID,0.5299921314267008,0.5
weak_history,tariff_16,tariff_20,MID,0.18206534721883644,0.5
weak_history,tariff_16,tariff_21,MID,0.11403758945604871,0.5
weak_history,tariff_16,tariff_3,MID,0.6758373365587634,0.5
weak_history,tariff_16,tariff_4,MID,-0.41504204128462807,0.5
weak_history,tariff_16,tariff_5,MID,-0.38747456857410445,0.5
weak_history,tariff_16,tariff_6,MID,-0.0005043268718724486,0.5
weak_history,tariff_16,tariff_7,MID,0.24108153611233998,0.5
weak_history,tariff_16,tariff_8,MID,0.6076740153856057,0.5
weak_history,tariff_16,tariff_9,MID,-0.08331949767056597,0.5
weak_history,tariff_17,tariff_1,HIGH,0.0993775896509451,0.5
weak_history,tariff_17,tariff_10,HIGH,0.5412296835978575,0.5
weak_history,tariff_17,tariff_11,HIGH,0.29745786603253804,0.5
weak_history,tariff_17,tariff_12,HIGH,0.15484432224016317,0.5
weak_history,tariff_17,tariff_13,HIGH,0.7861732306911776,0.5
weak_history,tariff_17,tariff_14,HIGH,-0.09087040965175441,0.5
weak_history,tariff_17,tariff_15,HIGH,-0.1343779592647193,0.5
weak_history,tariff_17,tariff_16,HIGH,0.179342890771784,0.5
weak_history,tariff_17,tariff_17,HIGH,0.0,0.5
weak_history,tariff_17,tariff_18,HIGH,-0.05336588570547368,0.5
weak_history,tariff_17,tariff_19,HIGH,0.14174143649353077,0.5
weak_history,tariff_17,tariff_2,HIGH,0.06939571611273922,0.5
weak_history,tariff_17,tariff_20,HIGH,0.24884097916720124,0.5
weak_history,tariff_17,tariff_21,HIGH,0.4050131083638032,0.5
weak_history,tariff_17,tariff_3,HIGH,-0.24395236397478506,0.5
weak_history,tariff_17,tariff_4,HIGH,0.2502056126193098,0.5
weak_history,tariff_17,tariff_5,HIGH,0.09035891678336844,0.5
weak_history,tariff_17,tariff_6,HIGH,-0.1507634507234375,0.5
weak_history,tariff_17,tariff_7,HIGH,0.27410672001450387,0.5
weak_history,tariff_17,tariff_8,HIGH,-0.03843841170286109,0.5
weak_history,tariff_17,tariff_9,HIGH,0.6369694807859223,0.5
weak_history,tariff_17,tariff_1,LOW,-0.10094888957033481,0.5
weak_history,tariff_17,tariff_10,LOW,-0.05679760630247284,0.5
weak_history,tariff_17,tariff_11,LOW,-0.13703623211227095,0.5
weak_history,tariff_17,tariff_12,LOW,0.23029137013308654,0.5
weak_history,tariff_17,tariff_13,LOW,-0.3359977010699711,0.5
weak_history,tariff_17,tariff_14,LOW,-0.08460139374763523,0.5
weak_history,tariff_17,tariff_15,LOW,0.02088939833903898,0.5
weak_history,tariff_17,tariff_16,LOW,-0.2186518583562884,0.5
weak_history,tariff_17,tariff_17,LOW,0.0,0.5
weak_history,tariff_17,tariff_18,LOW,-0.23172183798753224,0.5
weak_history,tariff_17,tariff_19,LOW,-0.18323751239932792,0.5
weak_history,tariff_17,tariff_2,LOW,0.27246119250056805,0.5
weak_history,tariff_17,tariff_20,LOW,-0.010074498388524707,0.5
weak_history,tariff_17,tariff_21,LOW,0.4529364087921681,0.5
weak_history,tariff_17,tariff_3,LOW,0.1644257500854366,0.5
weak_history,tariff_17,tariff_4,LOW,0.21482680969641854,0.5
weak_history,tariff_17,tariff_5,LOW,0.1353577986525823,0.5
weak_history,tariff_17,tariff_6,LOW,-0.1631349831359084,0.5
weak_history,tariff_17,tariff_7,LOW,0.24406984036207466,0.5
weak_history,tariff_17,tariff_8,LOW,0.297600587317675,0.5
weak_history,tariff_17,tariff_9,LOW,0.46773818768668995,0.5
weak_history,tariff_17,tariff_1,MID,0.03716524004185928,0.5
weak_history,tariff_17,tariff_10,MID,-0.2605242803256995,0.5
weak_history,tariff_17,tariff_11,MID,0.3004727388159718,0.5
weak_history,tariff_17,tariff_12,MID,0.3404546040622233,0.5
weak_history,tariff_17,tariff_13,MID,-0.411643696738786,0.5
weak_history,tariff_17,tariff_14,MID,-0.018538111489052364,0.5
weak_history,tariff_17,tariff_15,MID,0.17992967967413787,0.5
weak_history,tariff_17,tariff_16,MID,-0.0268493087566542,0.5
weak_history,tariff_17,tariff_17,MID,0.0,0.5
weak_history,tariff_17,tariff_18,MID,0.023461711532952102,0.5
weak_history,tariff_17,tariff_19,MID,0.2504125479932969,0.5
weak_history,tariff_17,tariff_2,MID,0.19639487184439167,0.5
weak_history,tariff_17,tariff_20,MID,0.3763947813125602,0.5
weak_history,tariff_17,tariff_21,MID,-0.2691152794595554,0.5
weak_history,tariff_17,tariff_3,MID,0.5011320331124315,0.5
weak_history,tariff_17,tariff_4,MID,-0.011511991787712218,0.5
weak_history,tariff_17,tariff_5,MID,0.4077871424044931,0.5
weak_history,tariff_17,tariff_6,MID,-0.26704878578205005,0.5
weak_history,tariff_17,tariff_7,MID,-0.42893861230144603,0.5
weak_history,tariff_17,tariff_8,MID,-0.2850314122034192,0.5
weak_history,tariff_17,tariff_9,MID,-0.04429311253017854,0.5
weak_history,tariff_18,tariff_1,HIGH,0.010009009988642847,0.5
weak_history,tariff_18,tariff_10,HIGH,0.2743498548076621,0.5
weak_history,tariff_18,tariff_11,HIGH,0.5137685693557325,0.5
weak_history,tariff_18,tariff_12,HIGH,-0.3863396891393659,0.5
weak_history,tariff_18,tariff_13,HIGH,-0.25647626279727814,0.5
weak_history,tariff_18,tariff_14,HIGH,0.1428819414078934,0.5
weak_history,tariff_18,tariff_15,HIGH,0.09205462565549619,0.5
weak_history,tariff_18,tariff_16,HIGH,-0.04851369896416173,0.5
weak_history,tariff_18,tariff_17,HIGH,0.38041321710971343,0.5
weak_history,tariff_18,tariff_18,HIGH,0.0,0.5
weak_history,tariff_18,tariff_19,HIGH,-0.22785510758348484,0.5
weak_history,tariff_18,tariff_2,HIGH,0.14448372810822713,0.5
weak_history,tariff_18,tariff_20,HIGH,0.20704721413670396,0.5
weak_history,tariff_18,tariff_21,HIGH,-0.2811285727155338,0.5
weak_history,tariff_18,tariff_3,HIGH,-0.05791513724363406,0.5
weak_history,tariff_18,tariff_4,HIGH,-0.08707636884619922,0.5
weak_history,tariff_18,tariff_5,HIGH,-0.07861343038889927,0.5
weak_history,tariff_18,tariff_6,HIGH,-0.31156628110146267,0.5
weak_history,tariff_18,tariff_7,HIGH,0.10699376648071822,0.5
weak_history,tariff_18,tariff_8,HIGH,-0.09957850383024994,0.5
weak_history,tariff_18,tariff_9,HIGH,0.05775619923592673,0.5
weak_history,tariff_18,tariff_1,LOW,0.03208416097874442,0.5
weak_history,tariff_18,tariff_10,LOW,0.10367308740247182,0.5
weak_history,tariff_18,tariff_11,LOW,0.23252370729216187,0.5
weak_history,tariff_18,tariff_12,LOW,0.17766874866642512,0.5
weak_history,tariff_18,tariff_13,LOW,0.3834133810563236,0.5
weak_history,tariff_18,tariff_14,LOW,0.14189773118077054,0.5
weak_history,tariff_18,tariff_15,LOW,-0.16090382259025995,0.5
weak_history,tariff_18,tariff_16,LOW,-0.11898759468143424,0.5
weak_history,tariff_18,tariff_17,LOW,-0.45591218212009577,0.5
weak_history,tariff_18,tariff_18,LOW,0.0,0.5
weak_history,tariff_18,tariff_19,LOW,-0.4223358977691324,0.5
weak_history,tariff_18,tariff_2,LOW,0.19231154349813157,0.5
weak_history,tariff_18,tariff_20,LOW,-0.0908198355783564,0.5
weak_history,tariff_18,tariff_21,LOW,0.02538494484921839,0.5
weak_history,tariff_18,tariff_3,LOW,-0.10690911919780574,0.5
weak_history,tariff_18,tariff_4,LOW,-0.056786334215374726,0.5
weak_history,tariff_18,tariff_5,LOW,-0.06671861250106796,0.5
weak_history,tariff_18,tariff_6,LOW,0.11957517862000702,0.5
weak_history,tariff_18,tariff_7,LOW,0.4084323836428232,0.5
weak_history,tariff_18,tariff_8,LOW,0.12330580617623664,0.5
weak_history,tariff_18,tariff_9,LOW,0.5116113463813,0.5
weak_history,tariff_18,tariff_1,MID,0.07590322891548741,0.5
weak_history,tariff_18,tariff_10,MID,0.07409556130405238,0.5
weak_history,tariff_18,tariff_11,MID,-0.11121448873749455,0.5
weak_history,tariff_18,tariff_12,MID,0.18693059952388727,0.5
weak_history,tariff_18,tariff_13,MID,0.004349345497353764,0.5
weak_history,tariff_18,tariff_14,MID,0.09584900626099772,0.5
weak_history,tariff_18,tariff_15,MID,-0.16866316812354054,0.5
weak_history,tariff_18,tariff_16,MID,-0.22476637983633532,0.5
weak_history,tariff_18,tariff_17,MID,-0.29137474796579343,0.5
weak_history,tariff_18,tariff_18,MID,0.0,0.5
weak_history,tariff_18,tariff_19,MID,-0.360163761953591,0.5
weak_history,tariff_18,tariff_2,MID,-0.04763410901495775,0.5
weak_history,tariff_18,tariff_20,MID,-0.09736933897686206,0.5
weak_history,tariff_18,tariff_21,MID,-0.3979402980294251,0.5
weak_history,tariff_18,tariff_3,MID,-0.1255078741670256,0.5
weak_history,tariff_18,tariff_4,MID,0.4057738085127915,0.5
weak_history,tariff_18,tariff_5,MID,-0.019844955735112954,0.5
weak_history,tariff_18,tariff_6,MID,0.3776106891750911,0.5
weak_history,tariff_18,tariff_7,MID,-0.2929190060720741,0.5
weak_history,tariff_18,tariff_8,MID,0.2024258068084273,0.5
weak_history,tariff_18,tariff_9,MID,-0.38477956125974777,0.5
weak_history,tariff_19,tariff_1,HIGH,-0.8376520689505341,0.5
weak_history,tariff_19,tariff_10,HIGH,-0.08784593670481396,0.5
weak_history,tariff_19,tariff_11,HIGH,-0.21167395266651445,0.5
weak_history,tariff_19,tariff_12,HIGH,0.11955595593787935,0.5
weak_history,tariff_19,tariff_13,HIGH,0.27344175765582757,0.5
weak_history,tariff_19,tariff_14,HIGH,0.0751198242605953,0.5
weak_history,tariff_19,tariff_15,HIGH,0.08253115710963897,0.5
weak_history,tariff_19,tariff_16,HIGH,-0.2509845094955253,0.5
weak_history,tariff_19,tariff_17,HIGH,-0.05552089650503536,0.5
weak_history,tariff_19,tariff_18,HIGH,0.37745582723747084,0.5
weak_history,tariff_19,tariff_19,HIGH,0.0,0.5
weak_history,tariff_19,tariff_2,HIGH,0.6476035505715517,0.5
weak_history,tariff_19,tariff_20,HIGH,-0.19831676386334918,0.5
weak_history,tariff_19,tariff_21,HIGH,-0.02064152764834471,0.5
weak_history,tariff_19,tariff_3,HIGH,-0.24169498045219676,0.5
weak_history,tariff_19,tariff_4,HIGH,0.15203313520948203,0.5
weak_history,tariff_19,tariff_5,HIGH,-0.3158846715570979,0.5
weak_history,tariff_19,tariff_6,HIGH,-0.1065821169341738,0.5
weak_history,tariff_19,tariff_7,HIGH,0.27105147953138586,0.5
weak_history,tariff_19,tariff_8,HIGH,-0.024937288179312542,0.5
weak_history,tariff_19,tariff_9,HIGH,-0.3521558315923139,0.5
weak_history,tariff_19,tariff_1,LOW,-0.0067794616373510926,0.5
weak_history,tariff_19,tariff_10,LOW,-0.11652239544424711,0.5
weak_history,tariff_19,tariff_11,LOW,0.418345773645491,0.5
weak_history,tariff_19,tariff_12,LOW,-0.5264087149079374,0.5
weak_history,tariff_19,tariff_13,LOW,0.0954440575332962,0.5
weak_history,tariff_19,tariff_14,LOW,0.13199735874830631,0.5
weak_history,tariff_19,tariff_15,LOW,-0.2789313441941731,0.5
weak_history,tariff_19,tariff_16,LOW,-0.3025876924483927,0.5
weak_history,tariff_19,tariff_17,LOW,0.3730086727545573,0.5
weak_history,tariff_19,tariff_18,LOW,-0.3375013046114871,0.5
weak_history,tariff_19,tariff_19,LOW,0.0,0.5
weak_history,tariff_19,tariff_2,LOW,0.15886542806508103,0.5
weak_history,tariff_19,tariff_20,LOW,0.4540678070758065,0.5
weak_history,tariff_19,tariff_21,LOW,-0.34056071717606334,0.5
weak_history,tariff_19,tariff_3,LOW,0.056151547330587345,0.5
weak_history,tariff_19,tariff_4,LOW,0.3446430001917251,0.5
weak_history,tariff_19,tariff_5,LOW,-0.14998884782198407,0.5
weak_history,tariff_19,tariff_6,LOW,0.21997691988089066,0.5
weak_history,tariff_19,tariff_7,LOW,0.06431643687369037,0.5
weak_history,tariff_19,tariff_8,LOW,0.15128599897708067,0.5
weak_history,tariff_19,tariff_9,LOW,-0.11977634423512067,0.5
weak_history,tariff_19,tariff_1,MID,0.09885915456241337,0.5
weak_history,tariff_19,tariff_10,MID,0.5074232735835967,0.5
weak_history,tariff_19,tariff_11,MID,-0.03793877641776403,0.5
weak_history,tariff_19,tariff_12,MID,0.6963023645266467,0.5
weak_history,tariff_19,tariff_13,MID,-0.2175078321589914,0.5
weak_history,tariff_19,tariff_14,MID,-0.08328394013235048,0.5
weak_history,tariff_19,tariff_15,MID,0.3946938458257936,0.5
weak_history,tariff_19,tariff_16,MID,-0.04832324488462658,0.5
weak_history,tariff_19,tariff_17,MID,0.2491263118501336,0.5
weak_history,tariff_19,tariff_18,MID,-0.15252836456543514,0.5
weak_history,tariff_19,tariff_19,MID,0.0,0.5
weak_history,tariff_19,tariff_2,MID,0.07933998969935249,0.5
weak_history,tariff_19,tariff_20,MID,0.3558559099479527,0.5
weak_history,tariff_19,tariff_21,MID,-0.2679473775193677,0.5
weak_history,tariff_19,tariff_3,MID,-0.1799756656549027,0.5
weak_history,tariff_19,tariff_4,MID,0.6251367003954869,0.5
weak_history,tariff_19,tariff_5,MID,0.1840989152160676,0.5
weak_history,tariff_19,tariff_6,MID,-0.7108451943330462,0.5
weak_history,tariff_19,tariff_7,MID,0.21411362367138181,0.5
weak_history,tariff_19,tariff_8,MID,-0.04778271554382396,0.5
weak_history,tariff_19,tariff_9,MID,0.14134879542975637,0.5
weak_history,tariff_2,tariff_1,HIGH,0.19412380084699027,0.5
weak_history,tariff_2,tariff_10,HIGH,0.1574081903697829,0.5
weak_history,tariff_2,tariff_11,HIGH,0.2771665667210105,0.5
weak_history,tariff_2,tariff_12,HIGH,0.32547470130183864,0.5
weak_history,tariff_2,tariff_13,HIGH,0.6039304733566967,0.5
weak_history,tariff_2,tariff_14,HIGH,-0.18956780256621344,0.5
weak_history,tariff_2,tariff_15,HIGH,0.27682566784843265,0.5
weak_history,tariff_2,tariff_16,HIGH,-0.2456100414691286,0.5
weak_history,tariff_2,tariff_17,HIGH,0.2957584920032663,0.5
weak_history,tariff_2,tariff_18,HIGH,0.16378817956265462,0.5
weak_history,tariff_2,tariff_19,HIGH,-0.22998625435486794,0.5
weak_history,tariff_2,tariff_2,HIGH,0.0,0.5
weak_history,tariff_2,tariff_20,HIGH,0.047512840753730495,0.5
weak_history,tariff_2,tariff_21,HIGH,0.23514228006967397,0.5
weak_history,tariff_2,tariff_3,HIGH,-0.10244273901579304,0.5
weak_history,tariff_2,tariff_4,HIGH,0.19203669722372121,0.5
weak_history,tariff_2,tariff_5,HIGH,0.37544143057618273,0.5
weak_history,tariff_2,tariff_6,HIGH,-0.12558415651723942,0.5
weak_history,tariff_2,tariff_7,HIGH,-0.45549896605771245,0.5
weak_history,tariff_2,tariff_8,HIGH,-0.022365733086410322,0.5
weak_history,tariff_2,tariff_9,HIGH,-0.39117382702888914,0.5
weak_history,tariff_2,tariff_1,LOW,0.01684471955628497,0.5
weak_history,tariff_2,tariff_10,LOW,0.19135385495962492,0.5
weak_history,tariff_2,tariff_11,LOW,-0.37463950624384834,0.5
weak_history,tariff_2,tariff_12,LOW,0.542704246896069,0.5
weak_history,tariff_2,tariff_13,LOW,0.39762724077620193,0.5
weak_history,tariff_2,tariff_14,LOW,-0.4401985397361833,0.5
weak_history,tariff_2,tariff_15,LOW,-0.2817862062258355,0.5
weak_history,tariff_2,tariff_16,LOW,0.2019415927528738,0.5
weak_history,tariff_2,tariff_17,LOW,0.29095254027657436,0.5
weak_history,tariff_2,tariff_18,LOW,-0.07734179366627073,0.5
weak_history,tariff_2,tariff_19,LOW,0.19181776274483617,0.5
weak_history,tariff_2,tariff_2,LOW,0.0,0.5
weak_history,tariff_2,tariff_20,LOW,-0.020215867480622214,0.5
weak_history,tariff_2,tariff_21,LOW,-0.061480063865036745,0.5
weak_history,tariff_2,tariff_3,LOW,-0.009207685207970592,0.5
weak_history,tariff_2,tariff_4,LOW,-0.16303958203754892,0.5
weak_history,tariff_2,tariff_5,LOW,0.2227748246821143,0.5
weak_history,tariff_2,tariff_6,LOW,0.05110269687419963,0.5
weak_history,tariff_2,tariff_7,LOW,-0.04478688418162455,0.5
weak_history,tariff_2,tariff_8,LOW,0.26585554473866135,0.5
weak_history,tariff_2,tariff_9,LOW,0.06727666285076087,0.5
weak_history,tariff_2,tariff_1,MID,0.27455797627387596,0.5
weak_history,tariff_2,tariff_10,MID,-0.023995931922670112,0.5
weak_history,tariff_2,tariff_11,MID,0.15969012720054654,0.5
weak_history,tariff_2,tariff_12,MID,0.20457817055805066,0.5
weak_history,tariff_2,tariff_13,MID,0.13677269988000976,0.5
weak_history,tariff_2,tariff_14,MID,0.3178826283032048,0.5
weak_history,tariff_2,tariff_15,MID,-0.18595074424444324,0.5
weak_history,tariff_2,tariff_16,MID,-0.006482122650868873,0.5
weak_history,tariff_2,tariff_17,MID,-0.035792024571196124,0.5
weak_history,tariff_2,tariff_18,MID,0.010302782787329337,0.5
weak_history,tariff_2,tariff_19,MID,-0.1906837427253187,0.5
weak_history,tariff_2,tariff_2,MID,0.0,0.5
weak_history,tariff_2,tariff_20,MID,-0.1411695405169498,0.5
weak_history,tariff_2,tariff_21,MID,0.1826750228884139,0.5
weak_history,tariff_2,tariff_3,MID,0.32192572058105495,0.5
weak_history,tariff_2,tariff_4,MID,-0.06124227778652378,0.5
weak_history,tariff_2,tariff_5,MID,0.1328308614519223,0.5
weak_history,tariff_2,tariff_6,MID,-0.2108754491829887,0.5
weak_history,tariff_2,tariff_7,MID,-0.02380541137232995,0.5
weak_history,tariff_2,tariff_8,MID,-0.5713405995207628,0.5
weak_history,tariff_2,tariff_9,MID,0.0789152776105769,0.5
weak_history,tariff_20,tariff_1,HIGH,-0.2494614135565538,0.5
weak_history,tariff_20,tariff_10,HIGH,0.161863875148491,0.5
weak_history,tariff_20,tariff_11,HIGH,0.3268795807192359,0.5
weak_history,tariff_20,tariff_12,HIGH,0.34580926521872224,0.5
weak_history,tariff_20,tariff_13,HIGH,-0.15445410014696065,0.5
weak_history,tariff_20,tariff_14,HIGH,-0.26069656830662613,0.5
weak_history,tariff_20,tariff_15,HIGH,0.6788714553159667,0.5
weak_history,tariff_20,tariff_16,HIGH,0.03560745642828493,0.5
weak_history,tariff_20,tariff_17,HIGH,0.46212237128094036,0.5
weak_history,tariff_20,tariff_18,HIGH,0.4462840957348533,0.5
weak_history,tariff_20,tariff_19,HIGH,-0.2876133076956069,0.5
weak_history,tariff_20,tariff_2,HIGH,-0.053180101983402214,0.5
weak_history,tariff_20,tariff_20,HIGH,0.0,0.5
weak_history,tariff_20,tariff_21,HIGH,-0.49581404687600994,0.5
weak_history,tariff_20,tariff_3,HIGH,-0.25405551294246775,0.5
weak_history,tariff_20,tariff_4,HIGH,0.48285243769195907,0.5
weak_history,tariff_20,tariff_5,HIGH,-0.16513414595515727,0.5
weak_history,tariff_20,tariff_6,HIGH,0.08877994473910122,0.5
weak_history,tariff_20,tariff_7,HIGH,0.029642688250849866,0.5
weak_history,tariff_20,tariff_8,HIGH,0.19218054820601838,0.5
weak_history,tariff_20,tariff_9,HIGH,-0.24390717207170795,0.5
weak_history,tariff_20,tariff_1,LOW,-0.634212011595017,0.5
weak_history,tariff_20,tariff_10,LOW,0.06251517676573709,0.5
weak_history,tariff_20,tariff_11,LOW,-0.14370329014820987,0.5
weak_history,tariff_20,tariff_12,LOW,0.2678912873057135,0.5
weak_history,tariff_20,tariff_13,LOW,0.08598468840641293,0.5
weak_history,tariff_20,tariff_14,LOW,0.2649762136514181,0.5
weak_history,tariff_20,tariff_15,LOW,0.2875053474423601,0.5
weak_history,tariff_20,tariff_16,LOW,-0.27220979406833146,0.5
weak_history,tariff_20,tariff_17,LOW,-0.22805041781036625,0.5
weak_history,tariff_20,tariff_18,LOW,0.39267965601933363,0.5
weak_history,tariff_20,tariff_19,LOW,-0.525892821322002,0.5
weak_history,tariff_20,tariff_2,LOW,0.011408221820432267,0.5
weak_history,tariff_20,tariff_20,LOW,0.0,0.5
weak_history,tariff_20,tariff_21,LOW,-0.23978635754396185,0.5
weak_history,tariff_20,tariff_3,LOW,0.31758095304702305,0.5
weak_history,tariff_20,tariff_4,LOW,0.33109585710948786,0.5
weak_history,tariff_20,tariff_5,LOW,0.4117497940143341,0.5
weak_history,tariff_20,tariff_6,LOW,0.2759093333416274,0.5
weak_history,tariff_20,tariff_7,LOW,0.41292724899765887,0.5
weak_history,tariff_20,tariff_8,LOW,0.33267631296279604,0.5
weak_history,tariff_20,tariff_9,LOW,-0.018686386076626853,0.5
weak_history,tariff_20,tariff_1,MID,0.23035177328836912,0.5
weak_history,tariff_20,tariff_10,MID,-0.11835457341070241,0.5
weak_history,tariff_20,tariff_11,MID,0.9242636605386487,0.5
weak_history,tariff_20,tariff_12,MID,-0.11559447228414049,0.5
weak_history,tariff_20,tariff_13,MID,-0.5524997129287541,0.5
weak_history,tariff_20,tariff_14,MID,0.25433050046193073,0.5
weak_history,tariff_20,tariff_15,MID,-0.32968736104667395,0.5
weak_history,tariff_20,tariff_16,MID,0.19642227477509694,0.5
weak_history,tariff_20,tariff_17,MID,0.2047672570551412,0.5
weak_history,tariff_20,tariff_18,MID,-0.21863144732981413,0.5
weak_history,tariff_20,tariff_19,MID,0.16711291545519888,0.5
weak_history,tariff_20,tariff_2,MID,-0.07935406443757365,0.5
weak_history,tariff_20,tariff_20,MID,0.0,0.5
weak_history,tariff_20,tariff_21,MID,0.3620831529759657,0.5
weak_history,tariff_20,tariff_3,MID,0.3179107307013169,0.5
weak_history,tariff_20,tariff_4,MID,-0.09354586852056945,0.5
weak_history,tariff_20,tariff_5,MID,0.3183533288035686,0.5
weak_history,tariff_20,tariff_6,MID,-0.008121836000326205,0.5
weak_history,tariff_20,tariff_7,MID,0.037021999866344885,0.5
weak_history,tariff_20,tariff_8,MID,0.5577875043826148,0.5
weak_history,tariff_20,tariff_9,MID,0.09841356911848913,0.5
weak_history,tariff_21,tariff_1,HIGH,0.300152486574624,0.5
weak_history,tariff_21,tariff_10,HIGH,-0.2447115570447003,0.5
weak_history,tariff_21,tariff_11,HIGH,-0.33096804533348934,0.5
weak_history,tariff_21,tariff_12,HIGH,0.16103448915537427,0.5
weak_history,tariff_21,tariff_13,HIGH,-0.06060625910242548,0.5
weak_history,tariff_21,tariff_14,HIGH,-0.43227878337226533,0.5
weak_history,tariff_21,tariff_15,HIGH,0.08855467828952376,0.5
weak_history,tariff_21,tariff_16,HIGH,0.31359734327881783,0.5
weak_history,tariff_21,tariff_17,HIGH,0.6611980233101743,0.5
weak_history,tariff_21,tariff_18,HIGH,-0.1259791835669989,0.5
weak_history,tariff_21,tariff_19,HIGH,0.05996574620904918,0.5
weak_history,tariff_21,tariff_2,HIGH,-0.06515872112113498,0.5
weak_history,tariff_21,tariff_20,HIGH,-0.15630828749485381,0.5
weak_history,tariff_21,tariff_21,HIGH,0.0,0.5
weak_history,tariff_21,tariff_3,HIGH,0.2840662744070116,0.5
weak_history,tariff_21,tariff_4,HIGH,-0.33436936079741664,0.5
weak_history,tariff_21,tariff_5,HIGH,-0.07663443588457658,0.5
weak_history,tariff_21,tariff_6,HIGH,0.07017146165730959,0.5
weak_history,tariff_21,tariff_7,HIGH,0.2612824040390005,0.5
weak_history,tariff_21,tariff_8,HIGH,-0.016558272611604002,0.5
weak_history,tariff_21,tariff_9,HIGH,0.007218343673081266,0.5
weak_history,tariff_21,tariff_1,LOW,0.11251601666464249,0.5
weak_history,tariff_21,tariff_10,LOW,-0.15893209113246304,0.5
weak_history,tariff_21,tariff_11,LOW,-0.15874105116443799,0.5
weak_history,tariff_21,tariff_12,LOW,0.3816879450088846,0.5
weak_history,tariff_21,tariff_13,LOW,0.5427998153324218,0.5
weak_history,tariff_21,tariff_14,LOW,-0.24502055112364882,0.5
weak_history,tariff_21,tariff_15,LOW,-0.3182331614350278,0.5
weak_history,tariff_21,tariff_16,LOW,-0.41557283874668605,0.5
weak_history,tariff_21,tariff_17,LOW,0.2843460829492831,0.5
weak_history,tariff_21,tariff_18,LOW,1.0145006016479374,0.5
weak_history,tariff_21,tariff_19,LOW,-0.062030869243652864,0.5
weak_history,tariff_21,tariff_2,LOW,0.05955228735624603,0.5
weak_history,tariff_21,tariff_20,LOW,0.07678259570409557,0.5
weak_history,tariff_21,tariff_21,LOW,0.0,0.5
weak_history,tariff_21,tariff_3,LOW,-0.152316699857976,0.5
weak_history,tariff_21,tariff_4,LOW,-0.36923958748876406,0.5
weak_history,tariff_21,tariff_5,LOW,0.02466187204184211,0.5
weak_history,tariff_21,tariff_6,LOW,-0.39285127356500527,0.5
weak_history,tariff_21,tariff_7,LOW,0.07942412050820549,0.5
weak_history,tariff_21,tariff_8,LOW,-0.17169827207300745,0.5
weak_history,tariff_21,tariff_9,LOW,-0.42563543828386263,0.5
weak_history,tariff_21,tariff_1,MID,-0.09708259412959966,0.5
weak_history,tariff_21,tariff_10,MID,-0.30098555455925835,0.5
weak_history,tariff_21,tariff_11,MID,-0.12469160787435507,0.5
weak_history,tariff_21,tariff_12,MID,0.4452938576726667,0.5
weak_history,tariff_21,tariff_13,MID,-0.0010702765977602183,0.5
weak_history,tariff_21,tariff_14,MID,-0.057242712973781085,0.5
weak_history,tariff_21,tariff_15,MID,-0.11646644275017759,0.5
weak_history,tariff_21,tariff_16,MID,0.0703754691908118,0.5
weak_history,tariff_21,tariff_17,MID,0.18549564046504408,0.5
weak_history,tariff_21,tariff_18,MID,-0.6120849026101274,0.5
weak_history,tariff_21,tariff_19,MID,0.14334989667754033,0.5
weak_history,tariff_21,tariff_2,MID,-0.6248662478239643,0.5
weak_history,tariff_21,tariff_20,MID,-0.3815515832824091,0.5
weak_history,tariff_21,tariff_21,MID,0.0,0.5
weak_history,tariff_21,tariff_3,MID,0.46971867798666933,0.5
weak_history,tariff_21,tariff_4,MID,0.5509663516423858,0.5
weak_history,tariff_21,tariff_5,MID,-0.014469920748793726,0.5
weak_history,tariff_21,tariff_6,MID,0.4459320137102214,0.5
weak_history,tariff_21,tariff_7,MID,0.23139884673069427,0.5
weak_history,tariff_21,tariff_8,MID,0.2262760871532773,0.5
weak_history,tariff_21,tariff_9,MID,0.5672051260174682,0.5
weak_history,tariff_3,tariff_1,HIGH,-0.006150814272234362,0.5
weak_history,tariff_3,tariff_10,HIGH,0.06248035277569031,0.5
weak_history,tariff_3,tariff_11,HIGH,0.18814382069266958,0.5
weak_history,tariff_3,tariff_12,HIGH,0.2950509251122361,0.5
weak_history,tariff_3,tariff_13,HIGH,0.029557401212814912,0.5
weak_history,tariff_3,tariff_14,HIGH,-0.5033070367716942,0.5
weak_history,tariff_3,tariff_15,HIGH,-0.3313488582964742,0.5
weak_history,tariff_3,tariff_16,HIGH,0.09163043380646786,0.5
weak_history,tariff_3,tariff_17,HIGH,-0.20502779764896237,0.5
weak_history,tariff_3,tariff_18,HIGH,0.1541057280752938,0.5
weak_history,tariff_3,tariff_19,HIGH,-0.13066566224266038,0.5
weak_history,tariff_3,tariff_2,HIGH,0.39760038192034064,0.5
weak_history,tariff_3,tariff_20,HIGH,-0.5353010283218933,0.5
weak_history,tariff_3,tariff_21,HIGH,-0.16805624510879508,0.5
weak_history,tariff_3,tariff_3,HIGH,0.0,0.5
weak_history,tariff_3,tariff_4,HIGH,0.045613071470309595,0.5
weak_history,tariff_3,tariff_5,HIGH,-0.36329363021986516,0.5
weak_history,tariff_3,tariff_6,HIGH,-0.05351353320660057,0.5
weak_history,tariff_3,tariff_7,HIGH,-0.09173102736070922,0.5
weak_history,tariff_3,tariff_8,HIGH,-0.4187981699306471,0.5
weak_history,tariff_3,tariff_9,HIGH,0.05539403925767805,0.5
weak_history,tariff_3,tariff_1,LOW,-0.059756948438388593,0.5
weak_history,tariff_3,tariff_10,LOW,-0.0505141763733399,0.5
weak_history,tariff_3,tariff_11,LOW,0.3025518251598327,0.5
weak_history,tariff_3,tariff_12,LOW,0.35498818040788305,0.5
weak_history,tariff_3,tariff_13,LOW,-0.2740463340393978,0.5
weak_history,tariff_3,tariff_14,LOW,-0.017595367905111972,0.5
weak_history,tariff_3,tariff_15,LOW,0.1468577017256878,0.5
weak_history,tariff_3,tariff_16,LOW,-0.19688974601635223,0.5
weak_history,tariff_3,tariff_17,LOW,0.481308580658972,0.5
weak_history,tariff_3,tariff_18,LOW,-0.28505438412771145,0.5
weak_history,tariff_3,tariff_19,LOW,0.3243363369169967,0.5
weak_history,tariff_3,tariff_2,LOW,0.16637502525727949,0.5
weak_history,tariff_3,tariff_20,LOW,0.5627941735414409,0.5
weak_history,tariff_3,tariff_21,LOW,-0.032549239788595946,0.5
weak_history,tariff_3,tariff_3,LOW,0.0,0.5
weak_history,tariff_3,tariff_4,LOW,0.28600200142507065,0.5
weak_history,tariff_3,tariff_5,LOW,-0.4162953577245472,0.5
weak_history,tariff_3,tariff_6,LOW,-0.15872652798470188,0.5
weak_history,tariff_3,tariff_7,LOW,0.38408915115660736,0.5
weak_history,tariff_3,tariff_8,LOW,-0.05937902702757225,0.5
weak_history,tariff_3,tariff_9,LOW,-0.12127468794817126,0.5
weak_history,tariff_3,tariff_1,MID,-0.0874689090538777,0.5
weak_history,tariff_3,tariff_10,MID,-0.2896356335615164,0.5
weak_history,tariff_3,tariff_11,MID,0.0948773516011517,0.5
weak_history,tariff_3,tariff_12,MID,-0.10872260491939328,0.5
weak_history,tariff_3,tariff_13,MID,-0.1054190728141851,0.5
weak_history,tariff_3,tariff_14,MID,0.1763103004877914,0.5
weak_history,tariff_3,tariff_15,MID,-0.11984919057080384,0.5
weak_history,tariff_3,tariff_16,MID,-0.35588082947917965,0.5
weak_history,tariff_3,tariff_17,MID,-0.21633259290052692,0.5
weak_history,tariff_3,tariff_18,MID,-0.17986789350897686,0.5
weak_history,tariff_3,tariff_19,MID,0.4566424684513305,0.5
weak_history,tariff_3,tariff_2,MID,0.3891796685047847,0.5
weak_history,tariff_3,tariff_20,MID,-0.1880631884302867,0.5
weak_history,tariff_3,tariff_21,MID,0.503740504191518,0.5
weak_history,tariff_3,tariff_3,MID,0.0,0.5
weak_history,tariff_3,tariff_4,MID,0.14239461626519553,0.5
weak_history,tariff_3,tariff_5,MID,-0.16955600476639401,0.5
weak_history,tariff_3,tariff_6,MID,0.38529910948755397,0.5
weak_history,tariff_3,tariff_7,MID,0.23351585311581888,0.5
weak_history,tariff_3,tariff_8,MID,-0.05955339931904685,0.5
weak_history,tariff_3,tariff_9,MID,-0.05297311887621434,0.5
weak_history,tariff_4,tariff_1,HIGH,-0.07008349268157703,0.5
weak_history,tariff_4,tariff_10,HIGH,-0.22230257994658054,0.5
weak_history,tariff_4,tariff_11,HIGH,-0.029552890732872254,0.5
weak_history,tariff_4,tariff_12,HIGH,-0.20982069179869206,0.5
weak_history,tariff_4,tariff_13,HIGH,-0.08499554241474852,0.5
weak_history,tariff_4,tariff_14,HIGH,0.6026585748785056,0.5
weak_history,tariff_4,tariff_15,HIGH,0.10126023479540743,0.5
weak_history,tariff_4,tariff_16,HIGH,-0.6581743823689629,0.5
weak_history,tariff_4,tariff_17,HIGH,0.088702325094052,0.5
weak_history,tariff_4,tariff_18,HIGH,-0.3109451375775182,0.5
weak_history,tariff_4,tariff_19,HIGH,-0.35703821109486145,0.5
weak_history,tariff_4,tariff_2,HIGH,0.04810383697228042,0.5
weak_history,tariff_4,tariff_20,HIGH,-0.30140618875131986,0.5
weak_history,tariff_4,tariff_21,HIGH,0.4409752473308226,0.5
weak_history,tariff_4,tariff_3,HIGH,0.1695082651873673,0.5
weak_history,tariff_4,tariff_4,HIGH,0.0,0.5
weak_history,tariff_4,tariff_5,HIGH,0.11563597345112715,0.5
weak_history,tariff_4,tariff_6,HIGH,0.32308884580127895,0.5
weak_history,tariff_4,tariff_7,HIGH,0.15418569639914878,0.5
weak_history,tariff_4,tariff_8,HIGH,-0.1354999906386972,0.5
weak_history,tariff_4,tariff_9,HIGH,0.10697262121069187,0.5
weak_history,tariff_4,tariff_1,LOW,0.27814563745146964,0.5
weak_history,tariff_4,tariff_10,LOW,0.03240300953763247,0.5
weak_history,tariff_4,tariff_11,LOW,0.19392279161192033,0.5
weak_history,tariff_4,tariff_12,LOW,-0.04354574752085762,0.5
weak_history,tariff_4,tariff_13,LOW,-0.022701840333194848,0.5
weak_history,tariff_4,tariff_14,LOW,-0.009390369223071425,0.5
weak_history,tariff_4,tariff_15,LOW,0.06055214009755387,0.5
weak_history,tariff_4,tariff_16,LOW,-0.09482205877494922,0.5
weak_history,tariff_4,tariff_17,LOW,0.08904103951345846,0.5
weak_history,tariff_4,tariff_18,LOW,-0.04155330633514062,0.5
weak_history,tariff_4,tariff_19,LOW,-0.1460057065936555,0.5
weak_history,tariff_4,tariff_2,LOW,-0.3234208164832848,0.5
weak_history,tariff_4,tariff_20,LOW,-0.3303089444488413,0.5
weak_history,tariff_4,tariff_21,LOW,-0.16629189496623886,0.5
weak_history,tariff_4,tariff_3,LOW,-0.30578209340714624,0.5
weak_history,tariff_4,tariff_4,LOW,0.0,0.5
weak_history,tariff_4,tariff_5,LOW,-0.22611749181195187,0.5
weak_history,tariff_4,tariff_6,LOW,-0.40456650915653625,0.5
weak_history,tariff_4,tariff_7,LOW,0.1024088555414619,0.5
weak_history,tariff_4,tariff_8,LOW,0.483880923990199,0.5
weak_history,tariff_4,tariff_9,LOW,-0.14904826565707852,0.5
weak_history,tariff_4,tariff_1,MID,0.10021372438910267,0.5
weak_history,tariff_4,tariff_10,MID,0.36232158249752794,0.5
weak_history,tariff_4,tariff_11,MID,0.07232137726088579,0.5
weak_history,tariff_4,tariff_12,MID,0.4571090377413045,0.5
weak_history,tariff_4,tariff_13,MID,-0.1554808853765601,0.5
weak_history,tariff_4,tariff_14,MID,-0.009971335609052008,0.5
weak_history,tariff_4,tariff_15,MID,-0.3296474346441546,0.5
weak_history,tariff_4,tariff_16,MID,-0.19633065141315253,0.5
weak_history,tariff_4,tariff_17,MID,-0.2859964225927466,0.5
weak_history,tariff_4,tariff_18,MID,0.42035173057419595,0.5
weak_history,tariff_4,tariff_19,MID,-0.4958350296608023,0.5
weak_history,tariff_4,tariff_2,MID,0.25085772604917667,0.5
weak_history,tariff_4,tariff_20,MID,0.391104509381352,0.5
weak_history,tariff_4,tariff_21,MID,0.23216161103343325,0.5
weak_history,tariff_4,tariff_3,MID,0.35473289250409057,0.5
weak_history,tariff_4,tariff_4,MID,0.0,0.5
weak_history,tariff_4,tariff_5,MID,0.21312276088310234,0.5
weak_history,tariff_4,tariff_6,MID,0.29729090040243167,0.5
weak_history,tariff_4,tariff_7,MID,0.03173267322903385,0.5
weak_history,tariff_4,tariff_8,MID,-0.25413166793427155,0.5
weak_history,tariff_4,tariff_9,MID,0.11503445415163231,0.5
weak_history,tariff_5,tariff_1,HIGH,0.527595944898995,0.5
weak_history,tariff_5,tariff_10,HIGH,-0.11452671440595558,0.5
weak_history,tariff_5,tariff_11,HIGH,-0.3440425467075078,0.5
weak_history,tariff_5,tariff_12,HIGH,-0.26542434657536856,0.5
weak_history,tariff_5,tariff_13,HIGH,0.05824377577469318,0.5
weak_history,tariff_5,tariff_14,HIGH,0.07628898301950907,0.5
weak_history,tariff_5,tariff_15,HIGH,0.5491627939100423,0.5
weak_history,tariff_5,tariff_16,HIGH,-0.3061724297854652,0.5
weak_history,tariff_5,tariff_17,HIGH,0.40287770703931025,0.5
weak_history,tariff_5,tariff_18,HIGH,-0.09539700760672781,0.5
weak_history,tariff_5,tariff_19,HIGH,0.6668380785847989,0.5
weak_history,tariff_5,tariff_2,HIGH,0.5446382363852499,0.5
weak_history,tariff_5,tariff_20,HIGH,0.031526805132272157,0.5
weak_history,tariff_5,tariff_21,HIGH,-0.17483541997970756,0.5
weak_history,tariff_5,tariff_3,HIGH,-0.004576157810640309,0.5
weak_history,tariff_5,tariff_4,HIGH,-0.013495279398327571,0.5
weak_history,tariff_5,tariff_5,HIGH,0.0,0.5
weak_history,tariff_5,tariff_6,HIGH,-0.21688091208267773,0.5
weak_history,tariff_5,tariff_7,HIGH,0.04743116246641568,0.5
weak_history,tariff_5,tariff_8,HIGH,0.057046945182706955,0.5
weak_history,tariff_5,tariff_9,HIGH,0.21915378488421286,0.5
weak_history,tariff_5,tariff_1,LOW,-0.49635159871167955,0.5
weak_history,tariff_5,tariff_10,LOW,0.07776093641191414,0.5
weak_history,tariff_5,tariff_11,LOW,-0.23717244283920583,0.5
weak_history,tariff_5,tariff_12,LOW,-0.034578933943929954,0.5
weak_history,tariff_5,tariff_13,LOW,0.1277614541038425,0.5
weak_history,tariff_5,tariff_14,LOW,0.048862494289682895,0.5
weak_history,tariff_5,tariff_15,LOW,-0.6657072130575551,0.5
weak_history,tariff_5,tariff_16,LOW,0.007320062661955343,0.5
weak_history,tariff_5,tariff_17,LOW,-0.27329602960483934,0.5
weak_history,tariff_5,tariff_18,LOW,0.11018100229713396,0.5
weak_history,tariff_5,tariff_19,LOW,0.4443929761989174,0.5
weak_history,tariff_5,tariff_2,LOW,0.28326461567419015,0.5
weak_history,tariff_5,tariff_20,LOW,-0.032616639437514444,0.5
weak_history,tariff_5,tariff_21,LOW,0.0867081116782474,0.5
weak_history,tariff_5,tariff_3,LOW,0.049479465919958,0.5
weak_history,tariff_5,tariff_4,LOW,0.012042486847751676,0.5
weak_history,tariff_5,tariff_5,LOW,0.0,0.5
weak_history,tariff_5,tariff_6,LOW,0.20763743934153892,0.5
weak_history,tariff_5,tariff_7,LOW,0.28106985475741564,0.5
weak_history,tariff_5,tariff_8,LOW,-0.3325358007150684,0.5
weak_history,tariff_5,tariff_9,LOW,0.5737323522636227,0.5
weak_history,tariff_5,tariff_1,MID,0.45591692519481375,0.5
weak_history,tariff_5,tariff_10,MID,0.2815028537306268,0.5
weak_history,tariff_5,tariff_11,MID,0.027823641943617465,0.5
weak_history,tariff_5,tariff_12,MID,0.3059091236924626,0.5
weak_history,tariff_5,tariff_13,MID,0.28744039641955765,0.5
weak_history,tariff_5,tariff_14,MID,-0.022112441586907054,0.5
weak_history,tariff_5,tariff_15,MID,-0.04910819463482281,0.5
weak_history,tariff_5,tariff_16,MID,0.5046252760241123,0.5
weak_history,tariff_5,tariff_17,MID,0.03809618403059384,0.5
weak_history,tariff_5,tariff_18,MID,0.44524219894077577,0.5
weak_history,tariff_5,tariff_19,MID,-0.33763535832473857,0.5
weak_history,tariff_5,tariff_2,MID,-0.2788749300571852,0.5
weak_history,tariff_5,tariff_20,MID,-0.39011002425830155,0.5
weak_history,tariff_5,tariff_21,MID,0.04983208048455078,0.5
weak_history,tariff_5,tariff_3,MID,-0.013590897274715519,0.5
weak_history,tariff_5,tariff_4,MID,-0.4452745589426041,0.5
weak_history,tariff_5,tariff_5,MID,0.0,0.5
weak_history,tariff_5,tariff_6,MID,0.25446274914883293,0.5
weak_history,tariff_5,tariff_7,MID,-0.12460577813755369,0.5
weak_history,tariff_5,tariff_8,MID,-0.012896242675955944,0.5
weak_history,tariff_5,tariff_9,MID,-0.22195235113861272,0.5
weak_history,tariff_6,tariff_1,HIGH,0.10348020338034779,0.5
weak_history,tariff_6,tariff_10,HIGH,0.48943542176832383,0.5
weak_history,tariff_6,tariff_11,HIGH,0.28093262052557083,0.5
weak_history,tariff_6,tariff_12,HIGH,0.29075361367242186,0.5
weak_history,tariff_6,tariff_13,HIGH,-0.38717879001755995,0.5
weak_history,tariff_6,tariff_14,HIGH,-0.09166562026433361,0.5
weak_history,tariff_6,tariff_15,HIGH,-0.1881672170846465,0.5
weak_history,tariff_6,tariff_16,HIGH,-0.0028995549812732696,0.5
weak_history,tariff_6,tariff_17,HIGH,0.04561087425999651,0.5
weak_history,tariff_6,tariff_18,HIGH,-0.02335274854799451,0.5
weak_history,tariff_6,tariff_19,HIGH,0.04223092435865295,0.5
weak_history,tariff_6,tariff_2,HIGH,0.21413074301989007,0.5
weak_history,tariff_6,tariff_20,HIGH,0.1757057278949245,0.5
weak_history,tariff_6,tariff_21,HIGH,0.1785579681654673,0.5
weak_history,tariff_6,tariff_3,HIGH,0.06110093832913946,0.5
weak_history,tariff_6,tariff_4,HIGH,-0.18441598066752604,0.5
weak_history,tariff_6,tariff_5,HIGH,-0.29328827032530713,0.5
weak_history,tariff_6,tariff_6,HIGH,0.0,0.5
weak_history,tariff_6,tariff_7,HIGH,-0.31526993187947205,0.5
weak_history,tariff_6,tariff_8,HIGH,0.19530969728994638,0.5
weak_history,tariff_6,tariff_9,HIGH,-0.3127980810178525,0.5
weak_history,tariff_6,tariff_1,LOW,0.7748008718375774,0.5
weak_history,tariff_6,tariff_10,LOW,0.4686262589269243,0.5
weak_history,tariff_6,tariff_11,LOW,-0.30884948612223007,0.5
weak_history,tariff_6,tariff_12,LOW,-0.12416835662548065,0.5
weak_history,tariff_6,tariff_13,LOW,0.29252784968574475,0.5
weak_history,tariff_6,tariff_14,LOW,-0.30063487426071,0.5
weak_history,tariff_6,tariff_15,LOW,-0.005768914077925111,0.5
weak_history,tariff_6,tariff_16,LOW,-0.12050751663988785,0.5
weak_history,tariff_6,tariff_17,LOW,0.23772118203450118,0.5
weak_history,tariff_6,tariff_18,LOW,-0.2843911527218882,0.5
weak_history,tariff_6,tariff_19,LOW,-0.381313314601352,0.5
weak_history,tariff_6,tariff_2,LOW,0.30001103980332944,0.5
weak_history,tariff_6,tariff_20,LOW,-0.4782664099606947,0.5
weak_history,tariff_6,tariff_21,LOW,0.7657620959092986,0.5
weak_history,tariff_6,tariff_3,LOW,-0.27803042577123305,0.5
weak_history,tariff_6,tariff_4,LOW,0.2143770974125369,0.5
weak_history,tariff_6,tariff_5,LOW,0.6183974618556967,0.5
weak_history,tariff_6,tariff_6,LOW,0.0,0.5
weak_history,tariff_6,tariff_7,LOW,-0.31680457892436287,0.5
weak_history,tariff_6,tariff_8,LOW,0.2480382321049078,0.5
weak_history,tariff_6,tariff_9,LOW,-0.10696597123695843,0.5
weak_history,tariff_6,tariff_1,MID,0.11098027361893986,0.5
weak_history,tariff_6,tariff_10,MID,-0.18528720728095152,0.5
weak_history,tariff_6,tariff_11,MID,0.16883881196968925,0.5
weak_history,tariff_6,tariff_12,MID,-0.5814085777745025,0.5
weak_history,tariff_6,tariff_13,MID,0.3607867655057021,0.5
weak_history,tariff_6,tariff_14,MID,0.3626396215297476,0.5
weak_history,tariff_6,tariff_15,MID,-0.09536147736878517,0.5
weak_history,tariff_6,tariff_16,MID,0.07325302951103363,0.5
weak_history,tariff_6,tariff_17,MID,-0.43220227656351384,0.5
weak_history,tariff_6,tariff_18,MID,-0.08934455094051723,0.5
weak_history,tariff_6,tariff_19,MID,-0.3266071586761904,0.5
weak_history,tariff_6,tariff_2,MID,-0.07665156071836335,0.5
weak_history,tariff_6,tariff_20,MID,0.8840790070611992,0.5
weak_history,tariff_6,tariff_21,MID,-0.032251847262319666,0.5
weak_history,tariff_6,tariff_3,MID,-0.5801862365522421,0.5
weak_history,tariff_6,tariff_4,MID,-0.5687457000390191,0.5
weak_history,tariff_6,tariff_5,MID,0.2761907457821324,0.5
weak_history,tariff_6,tariff_6,MID,0.0,0.5
weak_history,tariff_6,tariff_7,MID,0.3485986890449396,0.5
weak_history,tariff_6,tariff_8,MID,-0.5507526953901655,0.5
weak_history,tariff_6,tariff_9,MID,-0.227374983259761,0.5
weak_history,tariff_7,tariff_1,HIGH,0.06771016858050388,0.5
weak_history,tariff_7,tariff_10,HIGH,0.20306744609671878,0.5
weak_history,tariff_7,tariff_11,HIGH,0.009843864895200472,0.5
weak_history,tariff_7,tariff_12,HIGH,-0.116707689723844,0.5
weak_history,tariff_7,tariff_13,HIGH,0.09924618177690997,0.5
weak_history,tariff_7,tariff_14,HIGH,-0.44991243395863756,0.5
weak_history,tariff_7,tariff_15,HIGH,0.08856108440191932,0.5
weak_history,tariff_7,tariff_16,HIGH,-0.1144289792998367,0.5
weak_history,tariff_7,tariff_17,HIGH,-0.31898318339981335,0.5
weak_history,tariff_7,tariff_18,HIGH,-0.2996162932888853,0.5
weak_history,tariff_7,tariff_19,HIGH,0.2313700580660088,0.5
weak_history,tariff_7,tariff_2,HIGH,-0.17733690060357202,0.5
weak_history,tariff_7,tariff_20,HIGH,-0.08720414485032298,0.5
weak_history,tariff_7,tariff_21,HIGH,0.05721565514870558,0.5
weak_history,tariff_7,tariff_3,HIGH,0.3939044028929729,0.5
weak_history,tariff_7,tariff_4,HIGH,0.16658237840863946,0.5
weak_history,tariff_7,tariff_5,HIGH,-0.4382187421788858,0.5
weak_history,tariff_7,tariff_6,HIGH,-0.026158468513098,0.5
weak_history,tariff_7,tariff_7,HIGH,0.0,0.5
weak_history,tariff_7,tariff_8,HIGH,0.19643779520192428,0.5
weak_history,tariff_7,tariff_9,HIGH,0.08848752935045245,0.5
weak_history,tariff_7,tariff_1,LOW,0.23508702057384212,0.5
weak_history,tariff_7,tariff_10,LOW,0.03617588873978168,0.5
weak_history,tariff_7,tariff_11,LOW,0.43060997676790963,0.5
weak_history,tariff_7,tariff_12,LOW,0.08808313908970043,0.5
weak_history,tariff_7,tariff_13,LOW,-0.31456143829261807,0.5
weak_history,tariff_7,tariff_14,LOW,0.6291680459299662,0.5
weak_history,tariff_7,tariff_15,LOW,0.013700128657424152,0.5
weak_history,tariff_7,tariff_16,LOW,-0.5332361645600301,0.5
weak_history,tariff_7,tariff_17,LOW,-0.14281732872205297,0.5
weak_history,tariff_7,tariff_18,LOW,0.14213263499072992,0.5
weak_history,tariff_7,tariff_19,LOW,-0.3707603798829737,0.5
weak_history,tariff_7,tariff_2,LOW,0.0017744654873025553,0.5
weak_history,tariff_7,tariff_20,LOW,0.018576225392424817,0.5
weak_history,tariff_7,tariff_21,LOW,-0.028034499781562007,0.5
weak_history,tariff_7,tariff_3,LOW,-0.1522238936935312,0.5
weak_history,tariff_7,tariff_4,LOW,0.23105299747164773,0.5
weak_history,tariff_7,tariff_5,LOW,-0.007111772765007664,0.5
weak_history,tariff_7,tariff_6,LOW,-0.024673055891661896,0.5
weak_history,tariff_7,tariff_7,LOW,0.0,0.5
weak_history,tariff_7,tariff_8,LOW,0.14340111893707277,0.5
weak_history,tariff_7,tariff_9,LOW,-0.08139454034070365,0.5
weak_history,tariff_7,tariff_1,MID,-0.10614440902319981,0.5
weak_history,tariff_7,tariff_10,MID,0.24362969443880997,0.5
weak_history,tariff_7,tariff_11,MID,-0.34056298487789727,0.5
weak_history,tariff_7,tariff_12,MID,0.24714472507533217,0.5
weak_history,tariff_7,tariff_13,MID,0.2859078457004759,0.5
weak_history,tariff_7,tariff_14,MID,0.31849853690892616,0.5
weak_history,tariff_7,tariff_15,MID,-0.22551828544861838,0.5
weak_history,tariff_7,tariff_16,MID,-0.254322258470161,0.5
weak_history,tariff_7,tariff_17,MID,0.10560176756151005,0.5
weak_history,tariff_7,tariff_18,MID,-0.047850067593209644,0.5
weak_history,tariff_7,tariff_19,MID,-0.009880917700970777,0.5
weak_history,tariff_7,tariff_2,MID,0.5173191452631488,0.5
weak_history,tariff_7,tariff_20,MID,0.15786122808641073,0.5
weak_history,tariff_7,tariff_21,MID,0.7558505870303979,0.5
weak_history,tariff_7,tariff_3,MID,0.49248139115376566,0.5
weak_history,tariff_7,tariff_4,MID,0.31322394498560097,0.5
weak_history,tariff_7,tariff_5,MID,0.08112138608009146,0.5
weak_history,tariff_7,tariff_6,MID,0.29911183886746495,0.5
weak_history,tariff_7,tariff_7,MID,0.0,0.5
weak_history,tariff_7,tariff_8,MID,-0.13744488120846401,0.5
weak_history,tariff_7,tariff_9,MID,-0.14224031779182927,0.5
weak_history,tariff_8,tariff_1,HIGH,-0.16652990781224622,0.5
weak_history,tariff_8,tariff_10,HIGH,0.2982437902755057,0.5
weak_history,tariff_8,tariff_11,HIGH,-0.04527277004054676,0.5
weak_history,tariff_8,tariff_12,HIGH,-0.13771455416063505,0.5
weak_history,tariff_8,tariff_13,HIGH,0.050585521801592016,0.5
weak_history,tariff_8,tariff_14,HIGH,0.014477195401349598,0.5
weak_history,tariff_8,tariff_15,HIGH,0.04048574128632944,0.5
weak_history,tariff_8,tariff_16,HIGH,0.10018319664259775,0.5
weak_history,tariff_8,tariff_17,HIGH,-0.29883954682292635,0.5
weak_history,tariff_8,tariff_18,HIGH,-0.027899944795878664,0.5
weak_history,tariff_8,tariff_19,HIGH,-0.2510125123665842,0.5
weak_history,tariff_8,tariff_2,HIGH,0.037580826835577646,0.5
weak_history,tariff_8,tariff_20,HIGH,-0.10430179864645339,0.5
weak_history,tariff_8,tariff_21,HIGH,0.05067842796933323,0.5
weak_history,tariff_8,tariff_3,HIGH,0.17825260915785346,0.5
weak_history,tariff_8,tariff_4,HIGH,-0.28537192115727866,0.5
weak_history,tariff_8,tariff_5,HIGH,0.2888431216116436,0.5
weak_history,tariff_8,tariff_6,HIGH,0.7484088586719075,0.5
weak_history,tariff_8,tariff_7,HIGH,0.7235574934488179,0.5
weak_history,tariff_8,tariff_8,HIGH,0.0,0.5
weak_history,tariff_8,tariff_9,HIGH,-0.20380724277595655,0.5
weak_history,tariff_8,tariff_1,LOW,-0.4968069359872944,0.5
weak_history,tariff_8,tariff_10,LOW,-0.021536065598459747,0.5
weak_history,tariff_8,tariff_11,LOW,-0.3658418483267206,0.5
weak_history,tariff_8,tariff_12,LOW,-0.1879119118904659,0.5
weak_history,tariff_8,tariff_13,LOW,0.2066561861753816,0.5
weak_history,tariff_8,tariff_14,LOW,-0.10522330513797065,0.5
weak_history,tariff_8,tariff_15,LOW,-0.2724184516746263,0.5
weak_history,tariff_8,tariff_16,LOW,0.35485486918565634,0.5
weak_history,tariff_8,tariff_17,LOW,-0.11853336484333118,0.5
weak_history,tariff_8,tariff_18,LOW,-0.4030094462926904,0.5
weak_history,tariff_8,tariff_19,LOW,-0.35373784885947257,0.5
weak_history,tariff_8,tariff_2,LOW,-0.18210949126310955,0.5
weak_history,tariff_8,tariff_20,LOW,0.5222746363072266,0.5
weak_history,tariff_8,tariff_21,LOW,0.6039539635420623,0.5
weak_history,tariff_8,tariff_3,LOW,-0.33282362756872164,0.5
weak_history,tariff_8,tariff_4,LOW,0.3866771475865706,0.5
weak_history,tariff_8,tariff_5,LOW,0.22467877900379452,0.5
weak_history,tariff_8,tariff_6,LOW,0.3177096413409872,0.5
weak_history,tariff_8,tariff_7,LOW,-0.2913507181888325,0.5
weak_history,tariff_8,tariff_8,LOW,0.0,0.5
weak_history,tariff_8,tariff_9,LOW,0.1816736735166289,0.5
weak_history,tariff_8,tariff_1,MID,-0.22074286829641282,0.5
weak_history,tariff_8,tariff_10,MID,-0.2677632908532817,0.5
weak_history,tariff_8,tariff_11,MID,0.22713189928115907,0.5
weak_history,tariff_8,tariff_12,MID,0.03577429234488748,0.5
weak_history,tariff_8,tariff_13,MID,-0.06213115943727718,0.5
weak_history,tariff_8,tariff_14,MID,-0.30796215357715906,0.5
weak_history,tariff_8,tariff_15,MID,-0.18725001007444494,0.5
weak_history,tariff_8,tariff_16,MID,0.1694166895769092,0.5
weak_history,tariff_8,tariff_17,MID,0.42270077013513196,0.5
weak_history,tariff_8,tariff_18,MID,-0.19638829060051802,0.5
weak_history,tariff_8,tariff_19,MID,0.11803979895021152,0.5
weak_history,tariff_8,tariff_2,MID,0.10563293660394024,0.5
weak_history,tariff_8,tariff_20,MID,-0.5525426990688159,0.5
weak_history,tariff_8,tariff_21,MID,0.47336142862875896,0.5
weak_history,tariff_8,tariff_3,MID,0.1225868061063516,0.5
weak_history,tariff_8,tariff_4,MID,-0.22905005777748372,0.5
weak_history,tariff_8,tariff_5,MID,0.29827561884067433,0.5
weak_history,tariff_8,tariff_6,MID,-0.3252808488211304,0.5
weak_history,tariff_8,tariff_7,MID,-0.5422452680176545,0.5
weak_history,tariff_8,tariff_8,MID,0.0,0.5
weak_history,tariff_8,tariff_9,MID,-0.39177077911842445,0.5
weak_history,tariff_9,tariff_1,HIGH,0.13906183602958158,0.5
weak_history,tariff_9,tariff_10,HIGH,-0.10285764297464071,0.5
weak_history,tariff_9,tariff_11,HIGH,0.058096751275548274,0.5
weak_history,tariff_9,tariff_12,HIGH,0.3783662617854209,0.5
weak_history,tariff_9,tariff_13,HIGH,-0.4160358945615426,0.5
weak_history,tariff_9,tariff_14,HIGH,-0.015103594225102504,0.5
weak_history,tariff_9,tariff_15,HIGH,-0.14076403675931648,0.5
weak_history,tariff_9,tariff_16,HIGH,0.14611253520875084,0.5
weak_history,tariff_9,tariff_17,HIGH,-0.22581599452883264,0.5
weak_history,tariff_9,tariff_18,HIGH,0.25024605658878724,0.5
weak_history,tariff_9,tariff_19,HIGH,-0.04226460795631745,0.5
weak_history,tariff_9,tariff_2,HIGH,-0.26404979665976447,0.5
weak_history,tariff_9,tariff_20,HIGH,-0.1670284750256139,0.5
weak_history,tariff_9,tariff_21,HIGH,-0.09660958529930636,0.5
weak_history,tariff_9,tariff_3,HIGH,-0.11497107731543724,0.5
weak_history,tariff_9,tariff_4,HIGH,-0.15087815436666402,0.5
weak_history,tariff_9,tariff_5,HIGH,0.5960745711987394,0.5
weak_history,tariff_9,tariff_6,HIGH,-0.15665148740444423,0.5
weak_history,tariff_9,tariff_7,HIGH,-0.15070341952780106,0.5
weak_history,tariff_9,tariff_8,HIGH,-0.22199871791266906,0.5
weak_history,tariff_9,tariff_9,HIGH,0.0,0.5
weak_history,tariff_9,tariff_1,LOW,0.09955716803026521,0.5
weak_history,tariff_9,tariff_10,LOW,0.03284292908406818,0.5
weak_history,tariff_9,tariff_11,LOW,-0.1797710408627215,0.5
weak_history,tariff_9,tariff_12,LOW,0.38768089399549455,0.5
weak_history,tariff_9,tariff_13,LOW,-0.047329836521580654,0.5
weak_history,tariff_9,tariff_14,LOW,-0.40589909517239653,0.5
weak_history,tariff_9,tariff_15,LOW,0.12722488156182749,0.5
weak_history,tariff_9,tariff_16,LOW,-0.31086036893829117,0.5
weak_history,tariff_9,tariff_17,LOW,0.3532906481413799,0.5
weak_history,tariff_9,tariff_18,LOW,0.4082428467358542,0.5
weak_history,tariff_9,tariff_19,LOW,0.15384564277297366,0.5
weak_history,tariff_9,tariff_2,LOW,-0.12599305934958246,0.5
weak_history,tariff_9,tariff_20,LOW,-0.01636525387459769,0.5
weak_history,tariff_9,tariff_21,LOW,0.0907302427717504,0.5
weak_history,tariff_9,tariff_3,LOW,0.2093129411293265,0.5
weak_history,tariff_9,tariff_4,LOW,0.0811962357078049,0.5
weak_history,tariff_9,tariff_5,LOW,0.265418980659078,0.5
weak_history,tariff_9,tariff_6,LOW,0.2510688785656268,0.5
weak_history,tariff_9,tariff_7,LOW,-0.31658378634434325,0.5
weak_history,tariff_9,tariff_8,LOW,0.310099827951583,0.5
weak_history,tariff_9,tariff_9,LOW,0.0,0.5
weak_history,tariff_9,tariff_1,MID,0.3282250802549648,0.5
weak_history,tariff_9,tariff_10,MID,0.45915183850433194,0.5
weak_history,tariff_9,tariff_11,MID,0.15937319191603183,0.5
weak_history,tariff_9,tariff_12,MID,0.35009655961980224,0.5
weak_history,tariff_9,tariff_13,MID,-0.22333066435612825,0.5
weak_history,tariff_9,tariff_14,MID,0.3737073502904352,0.5
weak_history,tariff_9,tariff_15,MID,-0.056102866563111184,0.5
weak_history,tariff_9,tariff_16,MID,0.13929969497725492,0.5
weak_history,tariff_9,tariff_17,MID,-0.04284343407181587,0.5
weak_history,tariff_9,tariff_18,MID,0.22985268928444508,0.5
weak_history,tariff_9,tariff_19,MID,-0.005162030896712827,0.5
weak_history,tariff_9,tariff_2,MID,0.6118058112996196,0.5
weak_history,tariff_9,tariff_20,MID,0.05891523491081013,0.5
weak_history,tariff_9,tariff_21,MID,-0.12394534972810362,0.5
weak_history,tariff_9,tariff_3,MID,-0.05190439756392698,0.5
weak_history,tariff_9,tariff_4,MID,0.02439297669644597,0.5
weak_history,tariff_9,tariff_5,MID,0.09307420736316757,0.5
weak_history,tariff_9,tariff_6,MID,0.2644678182589407,0.5
weak_history,tariff_9,tariff_7,MID,0.29203369413405933,0.5
weak_history,tariff_9,tariff_8,MID,0.45529569104195317,0.5
weak_history,tariff_9,tariff_9,MID,0.0,0.5
sign_reversal,tariff_1,tariff_1,HIGH,0.0,0.5
sign_reversal,tariff_1,tariff_10,HIGH,0.15056299368935427,0.5
sign_reversal,tariff_1,tariff_11,HIGH,0.42064576216445176,0.5
sign_reversal,tariff_1,tariff_12,HIGH,0.14067946818057603,0.5
sign_reversal,tariff_1,tariff_13,HIGH,0.0802455694495035,0.5
sign_reversal,tariff_1,tariff_14,HIGH,0.4312418011374972,0.5
sign_reversal,tariff_1,tariff_15,HIGH,-0.07396795235956519,0.5
sign_reversal,tariff_1,tariff_16,HIGH,0.2354639206347066,0.5
sign_reversal,tariff_1,tariff_17,HIGH,-0.16270250773613304,0.5
sign_reversal,tariff_1,tariff_18,HIGH,0.02395586578920186,0.5
sign_reversal,tariff_1,tariff_19,HIGH,-0.16365832048514778,0.5
sign_reversal,tariff_1,tariff_2,HIGH,0.0949796151856262,0.5
sign_reversal,tariff_1,tariff_20,HIGH,-0.030304708726262578,0.5
sign_reversal,tariff_1,tariff_21,HIGH,0.2922284663242009,0.5
sign_reversal,tariff_1,tariff_3,HIGH,-0.15291634450054065,0.5
sign_reversal,tariff_1,tariff_4,HIGH,-0.12243514187866186,0.5
sign_reversal,tariff_1,tariff_5,HIGH,-0.25321894799779654,0.5
sign_reversal,tariff_1,tariff_6,HIGH,0.0803091381569829,0.5
sign_reversal,tariff_1,tariff_7,HIGH,-0.30712944477542886,0.5
sign_reversal,tariff_1,tariff_8,HIGH,0.6265235504192677,0.5
sign_reversal,tariff_1,tariff_9,HIGH,-0.2387724109847441,0.5
sign_reversal,tariff_1,tariff_1,LOW,0.0,0.5
sign_reversal,tariff_1,tariff_10,LOW,-0.12088867547572457,0.5
sign_reversal,tariff_1,tariff_11,LOW,-0.1504806241644745,0.5
sign_reversal,tariff_1,tariff_12,LOW,-0.233438235327371,0.5
sign_reversal,tariff_1,tariff_13,LOW,0.18119588542076015,0.5
sign_reversal,tariff_1,tariff_14,LOW,0.2135079274255185,0.5
sign_reversal,tariff_1,tariff_15,LOW,0.13666406114624566,0.5
sign_reversal,tariff_1,tariff_16,LOW,0.2791373636857585,0.5
sign_reversal,tariff_1,tariff_17,LOW,0.07381378250371637,0.5
sign_reversal,tariff_1,tariff_18,LOW,-0.20371395855907865,0.5
sign_reversal,tariff_1,tariff_19,LOW,0.1210405737224311,0.5
sign_reversal,tariff_1,tariff_2,LOW,-0.2111621743343014,0.5
sign_reversal,tariff_1,tariff_20,LOW,-0.19446187731457354,0.5
sign_reversal,tariff_1,tariff_21,LOW,-0.2271720411468008,0.5
sign_reversal,tariff_1,tariff_3,LOW,-0.10531976989322532,0.5
sign_reversal,tariff_1,tariff_4,LOW,-0.16241762811851038,0.5
sign_reversal,tariff_1,tariff_5,LOW,-0.17114172708980507,0.5
sign_reversal,tariff_1,tariff_6,LOW,0.03633595819003261,0.5
sign_reversal,tariff_1,tariff_7,LOW,0.12482115911444608,0.5
sign_reversal,tariff_1,tariff_8,LOW,-0.2025020715797386,0.5
sign_reversal,tariff_1,tariff_9,LOW,-0.6673565677771697,0.5
sign_reversal,tariff_1,tariff_1,MID,0.0,0.5
sign_reversal,tariff_1,tariff_10,MID,-0.3580622579132544,0.5
sign_reversal,tariff_1,tariff_11,MID,0.05722609685519269,0.5
sign_reversal,tariff_1,tariff_12,MID,0.3883823853026711,0.5
sign_reversal,tariff_1,tariff_13,MID,-0.33550702139639027,0.5
sign_reversal,tariff_1,tariff_14,MID,-0.03074275847041255,0.5
sign_reversal,tariff_1,tariff_15,MID,0.1601945282731121,0.5
sign_reversal,tariff_1,tariff_16,MID,0.5845035766094757,0.5
sign_reversal,tariff_1,tariff_17,MID,-0.04935604047049255,0.5
sign_reversal,tariff_1,tariff_18,MID,-0.20594497082298513,0.5
sign_reversal,tariff_1,tariff_19,MID,0.015787285951613647,0.5
sign_reversal,tariff_1,tariff_2,MID,-0.14128229066909637,0.5
sign_reversal,tariff_1,tariff_20,MID,0.04758601037245045,0.5
sign_reversal,tariff_1,tariff_21,MID,-0.3571448666042357,0.5
sign_reversal,tariff_1,tariff_3,MID,-0.0031445805238388344,0.5
sign_reversal,tariff_1,tariff_4,MID,0.010041500714074614,0.5
sign_reversal,tariff_1,tariff_5,MID,0.08633291683344219,0.5
sign_reversal,tariff_1,tariff_6,MID,0.3750778963998934,0.5
sign_reversal,tariff_1,tariff_7,MID,0.36891062440509836,0.5
sign_reversal,tariff_1,tariff_8,MID,-0.31486948480950555,0.5
sign_reversal,tariff_1,tariff_9,MID,0.013056326573409868,0.5
sign_reversal,tariff_10,tariff_1,HIGH,0.4468619511427569,0.5
sign_reversal,tariff_10,tariff_10,HIGH,0.0,0.5
sign_reversal,tariff_10,tariff_11,HIGH,0.05587952023547567,0.5
sign_reversal,tariff_10,tariff_12,HIGH,0.7686274175678697,0.5
sign_reversal,tariff_10,tariff_13,HIGH,0.3589408947902157,0.5
sign_reversal,tariff_10,tariff_14,HIGH,-0.26493978555919706,0.5
sign_reversal,tariff_10,tariff_15,HIGH,0.2121444464345274,0.5
sign_reversal,tariff_10,tariff_16,HIGH,0.45686692643145427,0.5
sign_reversal,tariff_10,tariff_17,HIGH,-0.0150288485828282,0.5
sign_reversal,tariff_10,tariff_18,HIGH,-0.11235877369913337,0.5
sign_reversal,tariff_10,tariff_19,HIGH,0.15462987573269968,0.5
sign_reversal,tariff_10,tariff_2,HIGH,-0.3136983249863642,0.5
sign_reversal,tariff_10,tariff_20,HIGH,-0.17133639993593475,0.5
sign_reversal,tariff_10,tariff_21,HIGH,-0.10209972660627938,0.5
sign_reversal,tariff_10,tariff_3,HIGH,-0.00860035380642428,0.5
sign_reversal,tariff_10,tariff_4,HIGH,-0.09259170996782576,0.5
sign_reversal,tariff_10,tariff_5,HIGH,0.019035803805146467,0.5
sign_reversal,tariff_10,tariff_6,HIGH,0.31475598043400577,0.5
sign_reversal,tariff_10,tariff_7,HIGH,0.014413680699198836,0.5
sign_reversal,tariff_10,tariff_8,HIGH,-0.039589259591970044,0.5
sign_reversal,tariff_10,tariff_9,HIGH,-0.22759700250967313,0.5
sign_reversal,tariff_10,tariff_1,LOW,0.23942165984393587,0.5
sign_reversal,tariff_10,tariff_10,LOW,0.0,0.5
sign_reversal,tariff_10,tariff_11,LOW,0.2677282155933312,0.5
sign_reversal,tariff_10,tariff_12,LOW,0.31136206218745127,0.5
sign_reversal,tariff_10,tariff_13,LOW,0.09540449178126671,0.5
sign_reversal,tariff_10,tariff_14,LOW,0.3039638949544184,0.5
sign_reversal,tariff_10,tariff_15,LOW,0.1935938546220508,0.5
sign_reversal,tariff_10,tariff_16,LOW,-0.3140013299524316,0.5
sign_reversal,tariff_10,tariff_17,LOW,0.40052368083801654,0.5
sign_reversal,tariff_10,tariff_18,LOW,0.048542098289932244,0.5
sign_reversal,tariff_10,tariff_19,LOW,0.10243988307174773,0.5
sign_reversal,tariff_10,tariff_2,LOW,-0.23303127933646084,0.5
sign_reversal,tariff_10,tariff_20,LOW,0.23872841426453706,0.5
sign_reversal,tariff_10,tariff_21,LOW,0.09881482106519038,0.5
sign_reversal,tariff_10,tariff_3,LOW,0.2255089067484949,0.5
sign_reversal,tariff_10,tariff_4,LOW,0.1528713189922363,0.5
sign_reversal,tariff_10,tariff_5,LOW,-0.028785625601530793,0.5
sign_reversal,tariff_10,tariff_6,LOW,0.16307857884535581,0.5
sign_reversal,tariff_10,tariff_7,LOW,-0.02952284309782413,0.5
sign_reversal,tariff_10,tariff_8,LOW,0.34496859255567114,0.5
sign_reversal,tariff_10,tariff_9,LOW,-0.11407889394021642,0.5
sign_reversal,tariff_10,tariff_1,MID,-0.1356205747901359,0.5
sign_reversal,tariff_10,tariff_10,MID,0.0,0.5
sign_reversal,tariff_10,tariff_11,MID,-0.3812734187677057,0.5
sign_reversal,tariff_10,tariff_12,MID,-0.06513257148284252,0.5
sign_reversal,tariff_10,tariff_13,MID,-0.04382011255879683,0.5
sign_reversal,tariff_10,tariff_14,MID,0.09827565041361905,0.5
sign_reversal,tariff_10,tariff_15,MID,0.12718650286175268,0.5
sign_reversal,tariff_10,tariff_16,MID,0.07892726277532743,0.5
sign_reversal,tariff_10,tariff_17,MID,0.09241897312084821,0.5
sign_reversal,tariff_10,tariff_18,MID,0.19924164242120374,0.5
sign_reversal,tariff_10,tariff_19,MID,0.3442082427992815,0.5
sign_reversal,tariff_10,tariff_2,MID,-0.05715177867918911,0.5
sign_reversal,tariff_10,tariff_20,MID,0.20652897124527897,0.5
sign_reversal,tariff_10,tariff_21,MID,-0.30303721406367873,0.5
sign_reversal,tariff_10,tariff_3,MID,0.10457476401012247,0.5
sign_reversal,tariff_10,tariff_4,MID,0.01863731949749666,0.5
sign_reversal,tariff_10,tariff_5,MID,0.3703534815641418,0.5
sign_reversal,tariff_10,tariff_6,MID,0.012146060663880215,0.5
sign_reversal,tariff_10,tariff_7,MID,0.5423392528880127,0.5
sign_reversal,tariff_10,tariff_8,MID,-0.05862657899700864,0.5
sign_reversal,tariff_10,tariff_9,MID,-0.18594329097638415,0.5
sign_reversal,tariff_11,tariff_1,HIGH,-0.1322283455668288,0.5
sign_reversal,tariff_11,tariff_10,HIGH,-0.17879323737049738,0.5
sign_reversal,tariff_11,tariff_11,HIGH,0.0,0.5
sign_reversal,tariff_11,tariff_12,HIGH,0.07699634566564015,0.5
sign_reversal,tariff_11,tariff_13,HIGH,-0.011503228974576781,0.5
sign_reversal,tariff_11,tariff_14,HIGH,-0.1475564271580383,0.5
sign_reversal,tariff_11,tariff_15,HIGH,-0.07130122332878455,0.5
sign_reversal,tariff_11,tariff_16,HIGH,0.08517763599473342,0.5
sign_reversal,tariff_11,tariff_17,HIGH,-0.266522347709129,0.5
sign_reversal,tariff_11,tariff_18,HIGH,-0.03149270458274614,0.5
sign_reversal,tariff_11,tariff_19,HIGH,0.24246997432580464,0.5
sign_reversal,tariff_11,tariff_2,HIGH,0.005207233422196832,0.5
sign_reversal,tariff_11,tariff_20,HIGH,-0.0813525842140257,0.5
sign_reversal,tariff_11,tariff_21,HIGH,-0.03124489724812153,0.5
sign_reversal,tariff_11,tariff_3,HIGH,0.2829516903072322,0.5
sign_reversal,tariff_11,tariff_4,HIGH,0.14038562598955354,0.5
sign_reversal,tariff_11,tariff_5,HIGH,0.2608396947595396,0.5
sign_reversal,tariff_11,tariff_6,HIGH,-0.08720291460130343,0.5
sign_reversal,tariff_11,tariff_7,HIGH,0.05719924042311416,0.5
sign_reversal,tariff_11,tariff_8,HIGH,0.10669176598354188,0.5
sign_reversal,tariff_11,tariff_9,HIGH,-0.27876012410992485,0.5
sign_reversal,tariff_11,tariff_1,LOW,0.015160424900027857,0.5
sign_reversal,tariff_11,tariff_10,LOW,0.30111952070512227,0.5
sign_reversal,tariff_11,tariff_11,LOW,0.0,0.5
sign_reversal,tariff_11,tariff_12,LOW,0.07879873650466494,0.5
sign_reversal,tariff_11,tariff_13,LOW,0.2028464154147451,0.5
sign_reversal,tariff_11,tariff_14,LOW,-0.24574146654679163,0.5
sign_reversal,tariff_11,tariff_15,LOW,0.1975563508892187,0.5
sign_reversal,tariff_11,tariff_16,LOW,0.26969117927842995,0.5
sign_reversal,tariff_11,tariff_17,LOW,0.3394344365283793,0.5
sign_reversal,tariff_11,tariff_18,LOW,0.15020063451238985,0.5
sign_reversal,tariff_11,tariff_19,LOW,0.27902982662104786,0.5
sign_reversal,tariff_11,tariff_2,LOW,0.1302375077906205,0.5
sign_reversal,tariff_11,tariff_20,LOW,-0.003015608383471133,0.5
sign_reversal,tariff_11,tariff_21,LOW,0.15175517205410868,0.5
sign_reversal,tariff_11,tariff_3,LOW,-0.014431217470351393,0.5
sign_reversal,tariff_11,tariff_4,LOW,0.33132380140803963,0.5
sign_reversal,tariff_11,tariff_5,LOW,-0.08953237423185077,0.5
sign_reversal,tariff_11,tariff_6,LOW,0.3685014703396647,0.5
sign_reversal,tariff_11,tariff_7,LOW,-0.3084041331097742,0.5
sign_reversal,tariff_11,tariff_8,LOW,-0.2086162979240131,0.5
sign_reversal,tariff_11,tariff_9,LOW,-0.25910263126364147,0.5
sign_reversal,tariff_11,tariff_1,MID,0.17204186714465738,0.5
sign_reversal,tariff_11,tariff_10,MID,-0.20802729391588565,0.5
sign_reversal,tariff_11,tariff_11,MID,0.0,0.5
sign_reversal,tariff_11,tariff_12,MID,0.23119015365736373,0.5
sign_reversal,tariff_11,tariff_13,MID,0.1758816975572814,0.5
sign_reversal,tariff_11,tariff_14,MID,0.31390288754590595,0.5
sign_reversal,tariff_11,tariff_15,MID,0.12392436952476328,0.5
sign_reversal,tariff_11,tariff_16,MID,0.021943760082521656,0.5
sign_reversal,tariff_11,tariff_17,MID,0.3209811434702921,0.5
sign_reversal,tariff_11,tariff_18,MID,-0.13564717661887998,0.5
sign_reversal,tariff_11,tariff_19,MID,-0.47495184144888575,0.5
sign_reversal,tariff_11,tariff_2,MID,-0.0705934531884818,0.5
sign_reversal,tariff_11,tariff_20,MID,0.36878336878453133,0.5
sign_reversal,tariff_11,tariff_21,MID,0.05136434424996849,0.5
sign_reversal,tariff_11,tariff_3,MID,-0.09956192277244232,0.5
sign_reversal,tariff_11,tariff_4,MID,0.40727856564198106,0.5
sign_reversal,tariff_11,tariff_5,MID,0.12294021998426995,0.5
sign_reversal,tariff_11,tariff_6,MID,0.47279078488240284,0.5
sign_reversal,tariff_11,tariff_7,MID,-0.33289159521416156,0.5
sign_reversal,tariff_11,tariff_8,MID,0.16775213666307381,0.5
sign_reversal,tariff_11,tariff_9,MID,0.15254672526740215,0.5
sign_reversal,tariff_12,tariff_1,HIGH,0.26154577106955307,0.5
sign_reversal,tariff_12,tariff_10,HIGH,0.2648769445848438,0.5
sign_reversal,tariff_12,tariff_11,HIGH,-0.10507422603499937,0.5
sign_reversal,tariff_12,tariff_12,HIGH,0.0,0.5
sign_reversal,tariff_12,tariff_13,HIGH,0.3932932888805597,0.5
sign_reversal,tariff_12,tariff_14,HIGH,0.37056389879301593,0.5
sign_reversal,tariff_12,tariff_15,HIGH,0.542733597512026,0.5
sign_reversal,tariff_12,tariff_16,HIGH,-0.2333044914691078,0.5
sign_reversal,tariff_12,tariff_17,HIGH,-0.42058703641230355,0.5
sign_reversal,tariff_12,tariff_18,HIGH,0.6079803164715694,0.5
sign_reversal,tariff_12,tariff_19,HIGH,-0.02511599194508532,0.5
sign_reversal,tariff_12,tariff_2,HIGH,-0.14804445972792224,0.5
sign_reversal,tariff_12,tariff_20,HIGH,0.04359101525339611,0.5
sign_reversal,tariff_12,tariff_21,HIGH,0.3007575880007428,0.5
sign_reversal,tariff_12,tariff_3,HIGH,0.25822705556809517,0.5
sign_reversal,tariff_12,tariff_4,HIGH,0.1603897601950556,0.5
sign_reversal,tariff_12,tariff_5,HIGH,0.37276536587804204,0.5
sign_reversal,tariff_12,tariff_6,HIGH,0.03709819701140809,0.5
sign_reversal,tariff_12,tariff_7,HIGH,0.11228630581169612,0.5
sign_reversal,tariff_12,tariff_8,HIGH,0.2790404989202727,0.5
sign_reversal,tariff_12,tariff_9,HIGH,-0.06269813432226651,0.5
sign_reversal,tariff_12,tariff_1,LOW,-0.3570097560648939,0.5
sign_reversal,tariff_12,tariff_10,LOW,0.4198474670130562,0.5
sign_reversal,tariff_12,tariff_11,LOW,0.17010078891743152,0.5
sign_reversal,tariff_12,tariff_12,LOW,0.0,0.5
sign_reversal,tariff_12,tariff_13,LOW,-0.32859189314807147,0.5
sign_reversal,tariff_12,tariff_14,LOW,0.023099957306543482,0.5
sign_reversal,tariff_12,tariff_15,LOW,0.015336775166797115,0.5
sign_reversal,tariff_12,tariff_16,LOW,0.4334031673752948,0.5
sign_reversal,tariff_12,tariff_17,LOW,0.12555363156562155,0.5
sign_reversal,tariff_12,tariff_18,LOW,-0.052881824666356964,0.5
sign_reversal,tariff_12,tariff_19,LOW,-0.3032437119374224,0.5
sign_reversal,tariff_12,tariff_2,LOW,0.15396795578862627,0.5
sign_reversal,tariff_12,tariff_20,LOW,0.1945121470034195,0.5
sign_reversal,tariff_12,tariff_21,LOW,-0.38035122386319464,0.5
sign_reversal,tariff_12,tariff_3,LOW,-0.007849895870983219,0.5
sign_reversal,tariff_12,tariff_4,LOW,0.11832091833262644,0.5
sign_reversal,tariff_12,tariff_5,LOW,0.027339878050126845,0.5
sign_reversal,tariff_12,tariff_6,LOW,0.03973093416352237,0.5
sign_reversal,tariff_12,tariff_7,LOW,0.49665087287483556,0.5
sign_reversal,tariff_12,tariff_8,LOW,-0.01936587515891175,0.5
sign_reversal,tariff_12,tariff_9,LOW,0.13810806481607404,0.5
sign_reversal,tariff_12,tariff_1,MID,-0.10927296852930951,0.5
sign_reversal,tariff_12,tariff_10,MID,-0.1292130328308871,0.5
sign_reversal,tariff_12,tariff_11,MID,0.1893094711375285,0.5
sign_reversal,tariff_12,tariff_12,MID,0.0,0.5
sign_reversal,tariff_12,tariff_13,MID,0.022079152011297655,0.5
sign_reversal,tariff_12,tariff_14,MID,0.1218219900044296,0.5
sign_reversal,tariff_12,tariff_15,MID,-0.017800738137517258,0.5
sign_reversal,tariff_12,tariff_16,MID,0.38855182552502815,0.5
sign_reversal,tariff_12,tariff_17,MID,0.03260642658241097,0.5
sign_reversal,tariff_12,tariff_18,MID,0.12820268400084386,0.5
sign_reversal,tariff_12,tariff_19,MID,-0.09921004211046895,0.5
sign_reversal,tariff_12,tariff_2,MID,0.38335723851696435,0.5
sign_reversal,tariff_12,tariff_20,MID,0.20753234268320914,0.5
sign_reversal,tariff_12,tariff_21,MID,0.2895507586938363,0.5
sign_reversal,tariff_12,tariff_3,MID,0.2461274908934557,0.5
sign_reversal,tariff_12,tariff_4,MID,0.22427068342166667,0.5
sign_reversal,tariff_12,tariff_5,MID,0.34245236157893666,0.5
sign_reversal,tariff_12,tariff_6,MID,-0.4343833017504109,0.5
sign_reversal,tariff_12,tariff_7,MID,-0.11642619883095352,0.5
sign_reversal,tariff_12,tariff_8,MID,-0.31837456196761926,0.5
sign_reversal,tariff_12,tariff_9,MID,0.3565325248539966,0.5
sign_reversal,tariff_13,tariff_1,HIGH,0.21527083747377196,0.5
sign_reversal,tariff_13,tariff_10,HIGH,-0.039548320267760076,0.5
sign_reversal,tariff_13,tariff_11,HIGH,-0.03477110554597379,0.5
sign_reversal,tariff_13,tariff_12,HIGH,0.4077417544901149,0.5
sign_reversal,tariff_13,tariff_13,HIGH,0.0,0.5
sign_reversal,tariff_13,tariff_14,HIGH,0.22508404494752599,0.5
sign_reversal,tariff_13,tariff_15,HIGH,0.0005981036297561387,0.5
sign_reversal,tariff_13,tariff_16,HIGH,0.34362190406944637,0.5
sign_reversal,tariff_13,tariff_17,HIGH,0.12158275060470208,0.5
sign_reversal,tariff_13,tariff_18,HIGH,-0.1253879571892535,0.5
sign_reversal,tariff_13,tariff_19,HIGH,-0.36141567648702294,0.5
sign_reversal,tariff_13,tariff_2,HIGH,0.01924658557055741,0.5
sign_reversal,tariff_13,tariff_20,HIGH,-0.029074890018549224,0.5
sign_reversal,tariff_13,tariff_21,HIGH,0.07732879461237414,0.5
sign_reversal,tariff_13,tariff_3,HIGH,0.34197259403987734,0.5
sign_reversal,tariff_13,tariff_4,HIGH,0.13530198735937807,0.5
sign_reversal,tariff_13,tariff_5,HIGH,0.018322520051595875,0.5
sign_reversal,tariff_13,tariff_6,HIGH,0.6998642844635691,0.5
sign_reversal,tariff_13,tariff_7,HIGH,-0.13451550499111337,0.5
sign_reversal,tariff_13,tariff_8,HIGH,0.2295426189734215,0.5
sign_reversal,tariff_13,tariff_9,HIGH,-0.1216773702364616,0.5
sign_reversal,tariff_13,tariff_1,LOW,0.36642388858313035,0.5
sign_reversal,tariff_13,tariff_10,LOW,0.15278050121915035,0.5
sign_reversal,tariff_13,tariff_11,LOW,0.20880892722834818,0.5
sign_reversal,tariff_13,tariff_12,LOW,-0.07301233419464447,0.5
sign_reversal,tariff_13,tariff_13,LOW,0.0,0.5
sign_reversal,tariff_13,tariff_14,LOW,0.043765658998436534,0.5
sign_reversal,tariff_13,tariff_15,LOW,0.08936172524705778,0.5
sign_reversal,tariff_13,tariff_16,LOW,-0.24308820332223974,0.5
sign_reversal,tariff_13,tariff_17,LOW,-0.09110322381093554,0.5
sign_reversal,tariff_13,tariff_18,LOW,0.4039105893502866,0.5
sign_reversal,tariff_13,tariff_19,LOW,0.05498991660041556,0.5
sign_reversal,tariff_13,tariff_2,LOW,0.6893078577617858,0.5
sign_reversal,tariff_13,tariff_20,LOW,0.09882543564455636,0.5
sign_reversal,tariff_13,tariff_21,LOW,0.05798552484676413,0.5
sign_reversal,tariff_13,tariff_3,LOW,0.1419349759791076,0.5
sign_reversal,tariff_13,tariff_4,LOW,0.321208346685525,0.5
sign_reversal,tariff_13,tariff_5,LOW,-0.19144821253117467,0.5
sign_reversal,tariff_13,tariff_6,LOW,0.3611287228250928,0.5
sign_reversal,tariff_13,tariff_7,LOW,-0.08089620714206079,0.5
sign_reversal,tariff_13,tariff_8,LOW,-0.730753695955473,0.5
sign_reversal,tariff_13,tariff_9,LOW,-0.3629786691238324,0.5
sign_reversal,tariff_13,tariff_1,MID,0.22625048115050098,0.5
sign_reversal,tariff_13,tariff_10,MID,0.039729811722547706,0.5
sign_reversal,tariff_13,tariff_11,MID,0.3491807253338086,0.5
sign_reversal,tariff_13,tariff_12,MID,0.07800434065175338,0.5
sign_reversal,tariff_13,tariff_13,MID,0.0,0.5
sign_reversal,tariff_13,tariff_14,MID,-0.07241793546208969,0.5
sign_reversal,tariff_13,tariff_15,MID,-0.13952356964022866,0.5
sign_reversal,tariff_13,tariff_16,MID,0.43433204115322943,0.5
sign_reversal,tariff_13,tariff_17,MID,0.02336373160055406,0.5
sign_reversal,tariff_13,tariff_18,MID,0.698368347701111,0.5
sign_reversal,tariff_13,tariff_19,MID,0.04570516330704502,0.5
sign_reversal,tariff_13,tariff_2,MID,0.1468371326307708,0.5
sign_reversal,tariff_13,tariff_20,MID,0.1833607171612957,0.5
sign_reversal,tariff_13,tariff_21,MID,0.251683156814693,0.5
sign_reversal,tariff_13,tariff_3,MID,0.36145615060544334,0.5
sign_reversal,tariff_13,tariff_4,MID,-0.14370431305575226,0.5
sign_reversal,tariff_13,tariff_5,MID,0.41462193899682837,0.5
sign_reversal,tariff_13,tariff_6,MID,0.23664468900034002,0.5
sign_reversal,tariff_13,tariff_7,MID,-0.2790284193928612,0.5
sign_reversal,tariff_13,tariff_8,MID,-0.6470346280597237,0.5
sign_reversal,tariff_13,tariff_9,MID,-0.17236067785474243,0.5
sign_reversal,tariff_14,tariff_1,HIGH,-0.030237320186032028,0.5
sign_reversal,tariff_14,tariff_10,HIGH,-0.32808152763001186,0.5
sign_reversal,tariff_14,tariff_11,HIGH,0.13434059713680174,0.5
sign_reversal,tariff_14,tariff_12,HIGH,0.19805692670457867,0.5
sign_reversal,tariff_14,tariff_13,HIGH,0.09206831436199894,0.5
sign_reversal,tariff_14,tariff_14,HIGH,0.0,0.5
sign_reversal,tariff_14,tariff_15,HIGH,0.04639965253205175,0.5
sign_reversal,tariff_14,tariff_16,HIGH,0.1400065373305523,0.5
sign_reversal,tariff_14,tariff_17,HIGH,0.07360493163537611,0.5
sign_reversal,tariff_14,tariff_18,HIGH,0.16813328021042634,0.5
sign_reversal,tariff_14,tariff_19,HIGH,0.2422676846859838,0.5
sign_reversal,tariff_14,tariff_2,HIGH,0.1079502412455596,0.5
sign_reversal,tariff_14,tariff_20,HIGH,-0.14971406504478108,0.5
sign_reversal,tariff_14,tariff_21,HIGH,0.11833696914289561,0.5
sign_reversal,tariff_14,tariff_3,HIGH,0.04894685463996268,0.5
sign_reversal,tariff_14,tariff_4,HIGH,-0.0016988297706950276,0.5
sign_reversal,tariff_14,tariff_5,HIGH,0.25174373832692004,0.5
sign_reversal,tariff_14,tariff_6,HIGH,0.11790442013067223,0.5
sign_reversal,tariff_14,tariff_7,HIGH,-0.2353849449937468,0.5
sign_reversal,tariff_14,tariff_8,HIGH,0.2701088559690874,0.5
sign_reversal,tariff_14,tariff_9,HIGH,0.3053220030249819,0.5
sign_reversal,tariff_14,tariff_1,LOW,-0.09439042616566985,0.5
sign_reversal,tariff_14,tariff_10,LOW,0.0658571788583493,0.5
sign_reversal,tariff_14,tariff_11,LOW,0.09766336334269313,0.5
sign_reversal,tariff_14,tariff_12,LOW,0.22955051891890343,0.5
sign_reversal,tariff_14,tariff_13,LOW,-0.14584324526185508,0.5
sign_reversal,tariff_14,tariff_14,LOW,0.0,0.5
sign_reversal,tariff_14,tariff_15,LOW,-0.26139211326984746,0.5
sign_reversal,tariff_14,tariff_16,LOW,0.27069087758870075,0.5
sign_reversal,tariff_14,tariff_17,LOW,-0.1683021290701291,0.5
sign_reversal,tariff_14,tariff_18,LOW,0.22328600745476684,0.5
sign_reversal,tariff_14,tariff_19,LOW,0.286093793237215,0.5
sign_reversal,tariff_14,tariff_2,LOW,-0.09242550781871557,0.5
sign_reversal,tariff_14,tariff_20,LOW,-0.07143175353544944,0.5
sign_reversal,tariff_14,tariff_21,LOW,-0.4182507235492337,0.5
sign_reversal,tariff_14,tariff_3,LOW,-0.17010897218637694,0.5
sign_reversal,tariff_14,tariff_4,LOW,-0.1222711019996341,0.5
sign_reversal,tariff_14,tariff_5,LOW,-0.1188353733472831,0.5
sign_reversal,tariff_14,tariff_6,LOW,-0.1319545871203716,0.5
sign_reversal,tariff_14,tariff_7,LOW,0.02015144922462062,0.5
sign_reversal,tariff_14,tariff_8,LOW,0.16103516681488922,0.5
sign_reversal,tariff_14,tariff_9,LOW,-0.42059172168555153,0.5
sign_reversal,tariff_14,tariff_1,MID,0.4429395996942386,0.5
sign_reversal,tariff_14,tariff_10,MID,0.19301500873151348,0.5
sign_reversal,tariff_14,tariff_11,MID,-0.04039654465251597,0.5
sign_reversal,tariff_14,tariff_12,MID,0.41933874134790694,0.5
sign_reversal,tariff_14,tariff_13,MID,-0.22246621307486214,0.5
sign_reversal,tariff_14,tariff_14,MID,0.0,0.5
sign_reversal,tariff_14,tariff_15,MID,-0.9,0.5
sign_reversal,tariff_14,tariff_16,MID,-0.26288828517902224,0.5
sign_reversal,tariff_14,tariff_17,MID,-0.029481068755787584,0.5
sign_reversal,tariff_14,tariff_18,MID,0.0772210835284404,0.5
sign_reversal,tariff_14,tariff_19,MID,-0.19491236924045374,0.5
sign_reversal,tariff_14,tariff_2,MID,-0.32677425595704407,0.5
sign_reversal,tariff_14,tariff_20,MID,0.07862572725435946,0.5
sign_reversal,tariff_14,tariff_21,MID,-0.11280433496134833,0.5
sign_reversal,tariff_14,tariff_3,MID,0.48890884239478066,0.5
sign_reversal,tariff_14,tariff_4,MID,0.11063116034558282,0.5
sign_reversal,tariff_14,tariff_5,MID,0.10139501059088153,0.5
sign_reversal,tariff_14,tariff_6,MID,0.2943123470897571,0.5
sign_reversal,tariff_14,tariff_7,MID,0.33083230986404827,0.5
sign_reversal,tariff_14,tariff_8,MID,-0.12843632712723646,0.5
sign_reversal,tariff_14,tariff_9,MID,-0.05303401903269415,0.5
sign_reversal,tariff_15,tariff_1,HIGH,0.22316688364576767,0.5
sign_reversal,tariff_15,tariff_10,HIGH,-0.08274957345249656,0.5
sign_reversal,tariff_15,tariff_11,HIGH,-0.3520003408760123,0.5
sign_reversal,tariff_15,tariff_12,HIGH,0.29941408413420856,0.5
sign_reversal,tariff_15,tariff_13,HIGH,0.44014145759190965,0.5
sign_reversal,tariff_15,tariff_14,HIGH,-0.2927487356049371,0.5
sign_reversal,tariff_15,tariff_15,HIGH,0.0,0.5
sign_reversal,tariff_15,tariff_16,HIGH,0.17216479902273857,0.5
sign_reversal,tariff_15,tariff_17,HIGH,-0.2803424470836035,0.5
sign_reversal,tariff_15,tariff_18,HIGH,0.15572691515741108,0.5
sign_reversal,tariff_15,tariff_19,HIGH,-0.1888965105238533,0.5
sign_reversal,tariff_15,tariff_2,HIGH,-0.06176798391400003,0.5
sign_reversal,tariff_15,tariff_20,HIGH,0.008858241299345947,0.5
sign_reversal,tariff_15,tariff_21,HIGH,0.26089917463239687,0.5
sign_reversal,tariff_15,tariff_3,HIGH,-0.5855635179545066,0.5
sign_reversal,tariff_15,tariff_4,HIGH,0.13517272791600207,0.5
sign_reversal,tariff_15,tariff_5,HIGH,0.14208555686419805,0.5
sign_reversal,tariff_15,tariff_6,HIGH,0.10341878043540362,0.5
sign_reversal,tariff_15,tariff_7,HIGH,0.24201984392219944,0.5
sign_reversal,tariff_15,tariff_8,HIGH,-0.0980843815295045,0.5
sign_reversal,tariff_15,tariff_9,HIGH,0.2409373084216771,0.5
sign_reversal,tariff_15,tariff_1,LOW,0.2904722530430222,0.5
sign_reversal,tariff_15,tariff_10,LOW,-0.15949929433508636,0.5
sign_reversal,tariff_15,tariff_11,LOW,0.6021178805893395,0.5
sign_reversal,tariff_15,tariff_12,LOW,0.0018140753908589477,0.5
sign_reversal,tariff_15,tariff_13,LOW,-0.14736181476716959,0.5
sign_reversal,tariff_15,tariff_14,LOW,0.22875276043673742,0.5
sign_reversal,tariff_15,tariff_15,LOW,0.0,0.5
sign_reversal,tariff_15,tariff_16,LOW,0.1336170372452487,0.5
sign_reversal,tariff_15,tariff_17,LOW,-0.21210772717346493,0.5
sign_reversal,tariff_15,tariff_18,LOW,0.3799189589424458,0.5
sign_reversal,tariff_15,tariff_19,LOW,-0.01457342700506864,0.5
sign_reversal,tariff_15,tariff_2,LOW,-0.07019302252691982,0.5
sign_reversal,tariff_15,tariff_20,LOW,0.20396078869567263,0.5
sign_reversal,tariff_15,tariff_21,LOW,-0.2945051533991908,0.5
sign_reversal,tariff_15,tariff_3,LOW,-0.022627955792274862,0.5
sign_reversal,tariff_15,tariff_4,LOW,-0.18474166832585415,0.5
sign_reversal,tariff_15,tariff_5,LOW,0.23054688403430046,0.5
sign_reversal,tariff_15,tariff_6,LOW,0.25084124463008906,0.5
sign_reversal,tariff_15,tariff_7,LOW,0.2145197471030289,0.5
sign_reversal,tariff_15,tariff_8,LOW,-0.608539696750892,0.5
sign_reversal,tariff_15,tariff_9,LOW,-0.19568731587804436,0.5
sign_reversal,tariff_15,tariff_1,MID,0.23331129121320676,0.5
sign_reversal,tariff_15,tariff_10,MID,-0.566664808776163,0.5
sign_reversal,tariff_15,tariff_11,MID,-0.4141032353383121,0.5
sign_reversal,tariff_15,tariff_12,MID,-0.19461424389312823,0.5
sign_reversal,tariff_15,tariff_13,MID,0.20979006245468226,0.5
sign_reversal,tariff_15,tariff_14,MID,0.009947218547032108,0.5
sign_reversal,tariff_15,tariff_15,MID,0.0,0.5
sign_reversal,tariff_15,tariff_16,MID,0.12306114776160569,0.5
sign_reversal,tariff_15,tariff_17,MID,-0.04464359680212705,0.5
sign_reversal,tariff_15,tariff_18,MID,-0.044266562091363815,0.5
sign_reversal,tariff_15,tariff_19,MID,-0.5179930885648804,0.5
sign_reversal,tariff_15,tariff_2,MID,0.016572055909281652,0.5
sign_reversal,tariff_15,tariff_20,MID,0.1244306000783848,0.5
sign_reversal,tariff_15,tariff_21,MID,0.2534871834666926,0.5
sign_reversal,tariff_15,tariff_3,MID,-0.6412764596130376,0.5
sign_reversal,tariff_15,tariff_4,MID,-0.29468221126587446,0.5
sign_reversal,tariff_15,tariff_5,MID,-0.2621076528231364,0.5
sign_reversal,tariff_15,tariff_6,MID,-0.18500991858206156,0.5
sign_reversal,tariff_15,tariff_7,MID,0.23462631261500866,0.5
sign_reversal,tariff_15,tariff_8,MID,-0.07284285782048175,0.5
sign_reversal,tariff_15,tariff_9,MID,-0.028948944954434064,0.5
sign_reversal,tariff_16,tariff_1,HIGH,-0.1399365882510813,0.5
sign_reversal,tariff_16,tariff_10,HIGH,-0.028136252274479093,0.5
sign_reversal,tariff_16,tariff_11,HIGH,-0.3902211384299923,0.5
sign_reversal,tariff_16,tariff_12,HIGH,-0.0011072690572172805,0.5
sign_reversal,tariff_16,tariff_13,HIGH,0.0349770987086026,0.5
sign_reversal,tariff_16,tariff_14,HIGH,-0.14639230056627817,0.5
sign_reversal,tariff_16,tariff_15,HIGH,0.3369802146374963,0.5
sign_reversal,tariff_16,tariff_16,HIGH,0.0,0.5
sign_reversal,tariff_16,tariff_17,HIGH,0.11952200018501731,0.5
sign_reversal,tariff_16,tariff_18,HIGH,-0.4252086886828434,0.5
sign_reversal,tariff_16,tariff_19,HIGH,-0.021605650266275575,0.5
sign_reversal,tariff_16,tariff_2,HIGH,-0.16549213221023779,0.5
sign_reversal,tariff_16,tariff_20,HIGH,-0.05779863583019483,0.5
sign_reversal,tariff_16,tariff_21,HIGH,-0.1257355131723092,0.5
sign_reversal,tariff_16,tariff_3,HIGH,0.3677461444695621,0.5
sign_reversal,tariff_16,tariff_4,HIGH,0.036816333153108255,0.5
sign_reversal,tariff_16,tariff_5,HIGH,0.16263947196085507,0.5
sign_reversal,tariff_16,tariff_6,HIGH,-0.0901878396554885,0.5
sign_reversal,tariff_16,tariff_7,HIGH,-0.24055479271243435,0.5
sign_reversal,tariff_16,tariff_8,HIGH,0.07085127772223822,0.5
sign_reversal,tariff_16,tariff_9,HIGH,0.2544976866599557,0.5
sign_reversal,tariff_16,tariff_1,LOW,0.44962435134854944,0.5
sign_reversal,tariff_16,tariff_10,LOW,-0.006519028038297318,0.5
sign_reversal,tariff_16,tariff_11,LOW,0.07718976514574258,0.5
sign_reversal,tariff_16,tariff_12,LOW,0.01632378957467881,0.5
sign_reversal,tariff_16,tariff_13,LOW,-0.21035041301160956,0.5
sign_reversal,tariff_16,tariff_14,LOW,-0.030887873506077496,0.5
sign_reversal,tariff_16,tariff_15,LOW,0.3010774135813295,0.5
sign_reversal,tariff_16,tariff_16,LOW,0.0,0.5
sign_reversal,tariff_16,tariff_17,LOW,0.2893425172193252,0.5
sign_reversal,tariff_16,tariff_18,LOW,-0.33880618048129735,0.5
sign_reversal,tariff_16,tariff_19,LOW,0.15480222177419772,0.5
sign_reversal,tariff_16,tariff_2,LOW,-0.05966019748857995,0.5
sign_reversal,tariff_16,tariff_20,LOW,0.12020979626604233,0.5
sign_reversal,tariff_16,tariff_21,LOW,-0.2915224958162017,0.5
sign_reversal,tariff_16,tariff_3,LOW,0.07191531693393916,0.5
sign_reversal,tariff_16,tariff_4,LOW,-0.2203289957677433,0.5
sign_reversal,tariff_16,tariff_5,LOW,0.4864186533534679,0.5
sign_reversal,tariff_16,tariff_6,LOW,-0.024335899211550827,0.5
sign_reversal,tariff_16,tariff_7,LOW,0.03403131817562731,0.5
sign_reversal,tariff_16,tariff_8,LOW,-0.34365794140815303,0.5
sign_reversal,tariff_16,tariff_9,LOW,-0.7764284533239257,0.5
sign_reversal,tariff_16,tariff_1,MID,0.22758877298338542,0.5
sign_reversal,tariff_16,tariff_10,MID,-0.3372168302875222,0.5
sign_reversal,tariff_16,tariff_11,MID,-0.2578999632989146,0.5
sign_reversal,tariff_16,tariff_12,MID,-0.2798638214871561,0.5
sign_reversal,tariff_16,tariff_13,MID,0.21626332307831553,0.5
sign_reversal,tariff_16,tariff_14,MID,0.06325164633566006,0.5
sign_reversal,tariff_16,tariff_15,MID,0.35527774648600297,0.5
sign_reversal,tariff_16,tariff_16,MID,0.0,0.5
sign_reversal,tariff_16,tariff_17,MID,0.1484615306211673,0.5
sign_reversal,tariff_16,tariff_18,MID,-0.0017788670325065217,0.5
sign_reversal,tariff_16,tariff_19,MID,0.26091758219249106,0.5
sign_reversal,tariff_16,tariff_2,MID,0.015283895399245156,0.5
sign_reversal,tariff_16,tariff_20,MID,0.1113480660063279,0.5
sign_reversal,tariff_16,tariff_21,MID,-0.1276541618769707,0.5
sign_reversal,tariff_16,tariff_3,MID,0.1008552605628575,0.5
sign_reversal,tariff_16,tariff_4,MID,-0.25263984760418295,0.5
sign_reversal,tariff_16,tariff_5,MID,0.4721754738187297,0.5
sign_reversal,tariff_16,tariff_6,MID,-0.33644657945892636,0.5
sign_reversal,tariff_16,tariff_7,MID,0.08850996806135597,0.5
sign_reversal,tariff_16,tariff_8,MID,0.03990971647769567,0.5
sign_reversal,tariff_16,tariff_9,MID,0.09502150398019354,0.5
sign_reversal,tariff_17,tariff_1,HIGH,0.12264985580956025,0.5
sign_reversal,tariff_17,tariff_10,HIGH,-0.2598220759019672,0.5
sign_reversal,tariff_17,tariff_11,HIGH,-0.08756528757737732,0.5
sign_reversal,tariff_17,tariff_12,HIGH,-0.3158929444976853,0.5
sign_reversal,tariff_17,tariff_13,HIGH,0.12215537219343843,0.5
sign_reversal,tariff_17,tariff_14,HIGH,-0.1321121038993866,0.5
sign_reversal,tariff_17,tariff_15,HIGH,-0.5574882486159377,0.5
sign_reversal,tariff_17,tariff_16,HIGH,0.20293361718741698,0.5
sign_reversal,tariff_17,tariff_17,HIGH,0.0,0.5
sign_reversal,tariff_17,tariff_18,HIGH,-0.2311897681066153,0.5
sign_reversal,tariff_17,tariff_19,HIGH,0.05946869367008105,0.5
sign_reversal,tariff_17,tariff_2,HIGH,0.07228843946898136,0.5
sign_reversal,tariff_17,tariff_20,HIGH,-0.2291956841822873,0.5
sign_reversal,tariff_17,tariff_21,HIGH,-0.015218797818689941,0.5
sign_reversal,tariff_17,tariff_3,HIGH,-0.10210049615263343,0.5
sign_reversal,tariff_17,tariff_4,HIGH,-0.14756241629412517,0.5
sign_reversal,tariff_17,tariff_5,HIGH,0.24085564490917488,0.5
sign_reversal,tariff_17,tariff_6,HIGH,0.08875219472657458,0.5
sign_reversal,tariff_17,tariff_7,HIGH,-0.030086183638954864,0.5
sign_reversal,tariff_17,tariff_8,HIGH,0.29158136975883003,0.5
sign_reversal,tariff_17,tariff_9,HIGH,-0.22128661774113195,0.5
sign_reversal,tariff_17,tariff_1,LOW,0.49445169126515376,0.5
sign_reversal,tariff_17,tariff_10,LOW,0.40755530131416795,0.5
sign_reversal,tariff_17,tariff_11,LOW,0.18745753602889043,0.5
sign_reversal,tariff_17,tariff_12,LOW,0.1743412031820893,0.5
sign_reversal,tariff_17,tariff_13,LOW,-0.3049085890216066,0.5
sign_reversal,tariff_17,tariff_14,LOW,0.2541728285743857,0.5
sign_reversal,tariff_17,tariff_15,LOW,-0.01527568892065101,0.5
sign_reversal,tariff_17,tariff_16,LOW,0.11298709250062298,0.5
sign_reversal,tariff_17,tariff_17,LOW,0.0,0.5
sign_reversal,tariff_17,tariff_18,LOW,0.2803401590134527,0.5
sign_reversal,tariff_17,tariff_19,LOW,0.3711736991140652,0.5
sign_reversal,tariff_17,tariff_2,LOW,-0.07607059111454072,0.5
sign_reversal,tariff_17,tariff_20,LOW,-0.2298676454366938,0.5
sign_reversal,tariff_17,tariff_21,LOW,0.2506746364180831,0.5
sign_reversal,tariff_17,tariff_3,LOW,0.2727919436695383,0.5
sign_reversal,tariff_17,tariff_4,LOW,-0.007643899097475107,0.5
sign_reversal,tariff_17,tariff_5,LOW,-0.25228004796485154,0.5
sign_reversal,tariff_17,tariff_6,LOW,-0.15595645928615648,0.5
sign_reversal,tariff_17,tariff_7,LOW,-0.20271007410317776,0.5
sign_reversal,tariff_17,tariff_8,LOW,-0.7057192415145478,0.5
sign_reversal,tariff_17,tariff_9,LOW,-0.1646807109231047,0.5
sign_reversal,tariff_17,tariff_1,MID,-0.1661934424300348,0.5
sign_reversal,tariff_17,tariff_10,MID,0.3199915052552539,0.5
sign_reversal,tariff_17,tariff_11,MID,0.12641560724043477,0.5
sign_reversal,tariff_17,tariff_12,MID,-0.17034670654245576,0.5
sign_reversal,tariff_17,tariff_13,MID,0.03591674689803225,0.5
sign_reversal,tariff_17,tariff_14,MID,-0.4307148424067734,0.5
sign_reversal,tariff_17,tariff_15,MID,-0.0454507652060704,0.5
sign_reversal,tariff_17,tariff_16,MID,-0.26099718852066395,0.5
sign_reversal,tariff_17,tariff_17,MID,0.0,0.5
sign_reversal,tariff_17,tariff_18,MID,-0.02611819105723276,0.5
sign_reversal,tariff_17,tariff_19,MID,0.18267783943970944,0.5
sign_reversal,tariff_17,tariff_2,MID,0.2924505793724555,0.5
sign_reversal,tariff_17,tariff_20,MID,0.09459007610642872,0.5
sign_reversal,tariff_17,tariff_21,MID,0.0640455442749181,0.5
sign_reversal,tariff_17,tariff_3,MID,0.1198131330607841,0.5
sign_reversal,tariff_17,tariff_4,MID,0.2485455246761242,0.5
sign_reversal,tariff_17,tariff_5,MID,-0.14215981969104058,0.5
sign_reversal,tariff_17,tariff_6,MID,0.14272161884072598,0.5
sign_reversal,tariff_17,tariff_7,MID,0.24055020129231908,0.5
sign_reversal,tariff_17,tariff_8,MID,-0.5242302799698413,0.5
sign_reversal,tariff_17,tariff_9,MID,0.03954052821190589,0.5
sign_reversal,tariff_18,tariff_1,HIGH,0.1281942541123911,0.5
sign_reversal,tariff_18,tariff_10,HIGH,-0.018147666058298317,0.5
sign_reversal,tariff_18,tariff_11,HIGH,0.4326888820515405,0.5
sign_reversal,tariff_18,tariff_12,HIGH,-0.2563526548492535,0.5
sign_reversal,tariff_18,tariff_13,HIGH,0.6072592202019221,0.5
sign_reversal,tariff_18,tariff_14,HIGH,-0.027613596972561924,0.5
sign_reversal,tariff_18,tariff_15,HIGH,-0.002320819597077979,0.5
sign_reversal,tariff_18,tariff_16,HIGH,0.4298087766259237,0.5
sign_reversal,tariff_18,tariff_17,HIGH,0.47125803837874874,0.5
sign_reversal,tariff_18,tariff_18,HIGH,0.0,0.5
sign_reversal,tariff_18,tariff_19,HIGH,-0.3775768242629827,0.5
sign_reversal,tariff_18,tariff_2,HIGH,-0.1196481393497583,0.5
sign_reversal,tariff_18,tariff_20,HIGH,0.043433809733213494,0.5
sign_reversal,tariff_18,tariff_21,HIGH,-0.2303673456690712,0.5
sign_reversal,tariff_18,tariff_3,HIGH,0.1302927203806727,0.5
sign_reversal,tariff_18,tariff_4,HIGH,0.37303793499200677,0.5
sign_reversal,tariff_18,tariff_5,HIGH,-0.2348442333445816,0.5
sign_reversal,tariff_18,tariff_6,HIGH,0.2984295705460425,0.5
sign_reversal,tariff_18,tariff_7,HIGH,0.22847041163068005,0.5
sign_reversal,tariff_18,tariff_8,HIGH,-0.17587471402652619,0.5
sign_reversal,tariff_18,tariff_9,HIGH,-0.10681707033193653,0.5
sign_reversal,tariff_18,tariff_1,LOW,0.3658670149412827,0.5
sign_reversal,tariff_18,tariff_10,LOW,0.22399213845876012,0.5
sign_reversal,tariff_18,tariff_11,LOW,0.15017952173464674,0.5
sign_reversal,tariff_18,tariff_12,LOW,0.050621835378245425,0.5
sign_reversal,tariff_18,tariff_13,LOW,0.27920604669785276,0.5
sign_reversal,tariff_18,tariff_14,LOW,-0.04946671874470851,0.5
sign_reversal,tariff_18,tariff_15,LOW,0.07620800812081277,0.5
sign_reversal,tariff_18,tariff_16,LOW,-0.10633703516766226,0.5
sign_reversal,tariff_18,tariff_17,LOW,-0.3265839900719925,0.5
sign_reversal,tariff_18,tariff_18,LOW,0.0,0.5
sign_reversal,tariff_18,tariff_19,LOW,-0.05256507600871424,0.5
sign_reversal,tariff_18,tariff_2,LOW,-0.17316103648720832,0.5
sign_reversal,tariff_18,tariff_20,LOW,0.5279519421406165,0.5
sign_reversal,tariff_18,tariff_21,LOW,0.09467574208324567,0.5
sign_reversal,tariff_18,tariff_3,LOW,-0.059135559171738114,0.5
sign_reversal,tariff_18,tariff_4,LOW,-0.45562930776387955,0.5
sign_reversal,tariff_18,tariff_5,LOW,-0.014134098873068879,0.5
sign_reversal,tariff_18,tariff_6,LOW,-0.43242570022798976,0.5
sign_reversal,tariff_18,tariff_7,LOW,0.028890571270412172,0.5
sign_reversal,tariff_18,tariff_8,LOW,-0.7430488382163187,0.5
sign_reversal,tariff_18,tariff_9,LOW,-0.3448876388407925,0.5
sign_reversal,tariff_18,tariff_1,MID,-0.14887328454581572,0.5
sign_reversal,tariff_18,tariff_10,MID,-0.008355250167379577,0.5
sign_reversal,tariff_18,tariff_11,MID,0.326680420695954,0.5
sign_reversal,tariff_18,tariff_12,MID,0.3259353911734975,0.5
sign_reversal,tariff_18,tariff_13,MID,0.41682063668853225,0.5
sign_reversal,tariff_18,tariff_14,MID,0.0498577250184971,0.5
sign_reversal,tariff_18,tariff_15,MID,0.08936475119755216,0.5
sign_reversal,tariff_18,tariff_16,MID,0.041239873294082366,0.5
sign_reversal,tariff_18,tariff_17,MID,-0.15482458331339338,0.5
sign_reversal,tariff_18,tariff_18,MID,0.0,0.5
sign_reversal,tariff_18,tariff_19,MID,0.030892087453779547,0.5
sign_reversal,tariff_18,tariff_2,MID,0.6233706825099428,0.5
sign_reversal,tariff_18,tariff_20,MID,0.43063586841043106,0.5
sign_reversal,tariff_18,tariff_21,MID,0.3529070576587593,0.5
sign_reversal,tariff_18,tariff_3,MID,0.06823236726901903,0.5
sign_reversal,tariff_18,tariff_4,MID,-0.3989841526719278,0.5
sign_reversal,tariff_18,tariff_5,MID,0.24807086879404605,0.5
sign_reversal,tariff_18,tariff_6,MID,0.16862751303305817,0.5
sign_reversal,tariff_18,tariff_7,MID,0.4244564976426901,0.5
sign_reversal,tariff_18,tariff_8,MID,-0.304699948493042,0.5
sign_reversal,tariff_18,tariff_9,MID,0.07013720605843325,0.5
sign_reversal,tariff_19,tariff_1,HIGH,0.37692164487228513,0.5
sign_reversal,tariff_19,tariff_10,HIGH,0.23105108473104452,0.5
sign_reversal,tariff_19,tariff_11,HIGH,-0.06192529609409717,0.5
sign_reversal,tariff_19,tariff_12,HIGH,0.0022229429806534216,0.5
sign_reversal,tariff_19,tariff_13,HIGH,0.14006428121449027,0.5
sign_reversal,tariff_19,tariff_14,HIGH,0.16488504962377737,0.5
sign_reversal,tariff_19,tariff_15,HIGH,-0.12410314834575371,0.5
sign_reversal,tariff_19,tariff_16,HIGH,0.15172502274118715,0.5
sign_reversal,tariff_19,tariff_17,HIGH,-0.004063886007095514,0.5
sign_reversal,tariff_19,tariff_18,HIGH,0.20267261234439032,0.5
sign_reversal,tariff_19,tariff_19,HIGH,0.0,0.5
sign_reversal,tariff_19,tariff_2,HIGH,0.19809870250097605,0.5
sign_reversal,tariff_19,tariff_20,HIGH,0.33834360402350977,0.5
sign_reversal,tariff_19,tariff_21,HIGH,-0.0386661852185264,0.5
sign_reversal,tariff_19,tariff_3,HIGH,-0.22691263244478088,0.5
sign_reversal,tariff_19,tariff_4,HIGH,0.16296720792664895,0.5
sign_reversal,tariff_19,tariff_5,HIGH,-0.4024115690087471,0.5
sign_reversal,tariff_19,tariff_6,HIGH,-0.17632730484892778,0.5
sign_reversal,tariff_19,tariff_7,HIGH,-0.05534740839037011,0.5
sign_reversal,tariff_19,tariff_8,HIGH,0.35379728810770106,0.5
sign_reversal,tariff_19,tariff_9,HIGH,-0.3557254684441281,0.5
sign_reversal,tariff_19,tariff_1,LOW,0.2617710665025992,0.5
sign_reversal,tariff_19,tariff_10,LOW,-0.2516871338915268,0.5
sign_reversal,tariff_19,tariff_11,LOW,0.001435109543670177,0.5
sign_reversal,tariff_19,tariff_12,LOW,0.639163150207891,0.5
sign_reversal,tariff_19,tariff_13,LOW,-0.11946965738817444,0.5
sign_reversal,tariff_19,tariff_14,LOW,0.4887180158328649,0.5
sign_reversal,tariff_19,tariff_15,LOW,0.1256542238984631,0.5
sign_reversal,tariff_19,tariff_16,LOW,0.10449159628076965,0.5
sign_reversal,tariff_19,tariff_17,LOW,-0.16077205673580525,0.5
sign_reversal,tariff_19,tariff_18,LOW,-0.5009696302969513,0.5
sign_reversal,tariff_19,tariff_19,LOW,0.0,0.5
sign_reversal,tariff_19,tariff_2,LOW,0.13415708473604754,0.5
sign_reversal,tariff_19,tariff_20,LOW,0.13023670428512474,0.5
sign_reversal,tariff_19,tariff_21,LOW,0.0282935606273549,0.5
sign_reversal,tariff_19,tariff_3,LOW,-0.1240775753941384,0.5
sign_reversal,tariff_19,tariff_4,LOW,0.06463973276074547,0.5
sign_reversal,tariff_19,tariff_5,LOW,0.0834272225234639,0.5
sign_reversal,tariff_19,tariff_6,LOW,-0.1261113203981748,0.5
sign_reversal,tariff_19,tariff_7,LOW,0.010192858761675722,0.5
sign_reversal,tariff_19,tariff_8,LOW,-0.3112332578546717,0.5
sign_reversal,tariff_19,tariff_9,LOW,0.04021906935927533,0.5
sign_reversal,tariff_19,tariff_1,MID,0.14803094716790582,0.5
sign_reversal,tariff_19,tariff_10,MID,0.09913389815228629,0.5
sign_reversal,tariff_19,tariff_11,MID,-0.02843903985568463,0.5
sign_reversal,tariff_19,tariff_12,MID,-0.1428461849496801,0.5
sign_reversal,tariff_19,tariff_13,MID,-0.051410187394365134,0.5
sign_reversal,tariff_19,tariff_14,MID,-0.1738677059583324,0.5
sign_reversal,tariff_19,tariff_15,MID,0.43466966564795706,0.5
sign_reversal,tariff_19,tariff_16,MID,-0.04345013329010375,0.5
sign_reversal,tariff_19,tariff_17,MID,0.01881043466866786,0.5
sign_reversal,tariff_19,tariff_18,MID,-0.07847302792856085,0.5
sign_reversal,tariff_19,tariff_19,MID,0.0,0.5
sign_reversal,tariff_19,tariff_2,MID,0.08878339355089189,0.5
sign_reversal,tariff_19,tariff_20,MID,0.18198968251240455,0.5
sign_reversal,tariff_19,tariff_21,MID,-0.09293933726864405,0.5
sign_reversal,tariff_19,tariff_3,MID,-0.07492461120391611,0.5
sign_reversal,tariff_19,tariff_4,MID,-0.227916271507151,0.5
sign_reversal,tariff_19,tariff_5,MID,0.3209869738535498,0.5
sign_reversal,tariff_19,tariff_6,MID,-0.01421034450834198,0.5
sign_reversal,tariff_19,tariff_7,MID,0.5770652290515439,0.5
sign_reversal,tariff_19,tariff_8,MID,0.04231488448054366,0.5
sign_reversal,tariff_19,tariff_9,MID,0.05279255918080278,0.5
sign_reversal,tariff_2,tariff_1,HIGH,0.11938879919021271,0.5
sign_reversal,tariff_2,tariff_10,HIGH,-0.2069788647078514,0.5
sign_reversal,tariff_2,tariff_11,HIGH,0.4810881372089791,0.5
sign_reversal,tariff_2,tariff_12,HIGH,-0.2472005871986157,0.5
sign_reversal,tariff_2,tariff_13,HIGH,0.5197930572857338,0.5
sign_reversal,tariff_2,tariff_14,HIGH,0.005299206687750899,0.5
sign_reversal,tariff_2,tariff_15,HIGH,0.04872680649574204,0.5
sign_reversal,tariff_2,tariff_16,HIGH,0.09739358539779283,0.5
sign_reversal,tariff_2,tariff_17,HIGH,-0.07802600737724862,0.5
sign_reversal,tariff_2,tariff_18,HIGH,0.08788951150843131,0.5
sign_reversal,tariff_2,tariff_19,HIGH,-0.12310226055467512,0.5
sign_reversal,tariff_2,tariff_2,HIGH,0.0,0.5
sign_reversal,tariff_2,tariff_20,HIGH,-0.0730087287312914,0.5
sign_reversal,tariff_2,tariff_21,HIGH,-0.20095498913462784,0.5
sign_reversal,tariff_2,tariff_3,HIGH,0.22757107715242408,0.5
sign_reversal,tariff_2,tariff_4,HIGH,-0.16167236164285434,0.5
sign_reversal,tariff_2,tariff_5,HIGH,0.1722402317950606,0.5
sign_reversal,tariff_2,tariff_6,HIGH,0.43782780462912896,0.5
sign_reversal,tariff_2,tariff_7,HIGH,0.22020148855122934,0.5
sign_reversal,tariff_2,tariff_8,HIGH,0.2925745252897998,0.5
sign_reversal,tariff_2,tariff_9,HIGH,-0.012691202143102709,0.5
sign_reversal,tariff_2,tariff_1,LOW,-0.1797593656464767,0.5
sign_reversal,tariff_2,tariff_10,LOW,-0.13778061767643796,0.5
sign_reversal,tariff_2,tariff_11,LOW,-0.1142434127263161,0.5
sign_reversal,tariff_2,tariff_12,LOW,0.26167305886392406,0.5
sign_reversal,tariff_2,tariff_13,LOW,-0.5575257156057211,0.5
sign_reversal,tariff_2,tariff_14,LOW,-0.2902190977479992,0.5
sign_reversal,tariff_2,tariff_15,LOW,0.4805131526961346,0.5
sign_reversal,tariff_2,tariff_16,LOW,-0.11842970784815697,0.5
sign_reversal,tariff_2,tariff_17,LOW,0.2952615492526814,0.5
sign_reversal,tariff_2,tariff_18,LOW,0.3735494964072156,0.5
sign_reversal,tariff_2,tariff_19,LOW,0.3643347827997579,0.5
sign_reversal,tariff_2,tariff_2,LOW,0.0,0.5
sign_reversal,tariff_2,tariff_20,LOW,-0.1585745039319469,0.5
sign_reversal,tariff_2,tariff_21,LOW,-0.1948493937071672,0.5
sign_reversal,tariff_2,tariff_3,LOW,-0.19622793431859498,0.5
sign_reversal,tariff_2,tariff_4,LOW,-0.04116155464060353,0.5
sign_reversal,tariff_2,tariff_5,LOW,0.13367350075943674,0.5
sign_reversal,tariff_2,tariff_6,LOW,0.029683802462358917,0.5
sign_reversal,tariff_2,tariff_7,LOW,0.16396163971717787,0.5
sign_reversal,tariff_2,tariff_8,LOW,0.20760821959626724,0.5
sign_reversal,tariff_2,tariff_9,LOW,-0.19672962488659998,0.5
sign_reversal,tariff_2,tariff_1,MID,0.06438909665267367,0.5
sign_reversal,tariff_2,tariff_10,MID,0.13257545732106002,0.5
sign_reversal,tariff_2,tariff_11,MID,-0.1600302263471482,0.5
sign_reversal,tariff_2,tariff_12,MID,-0.3745589864197113,0.5
sign_reversal,tariff_2,tariff_13,MID,0.20963148778490334,0.5
sign_reversal,tariff_2,tariff_14,MID,0.15684504998742782,0.5
sign_reversal,tariff_2,tariff_15,MID,0.326425136320556,0.5
sign_reversal,tariff_2,tariff_16,MID,0.36689867680305965,0.5
sign_reversal,tariff_2,tariff_17,MID,0.14487241471499399,0.5
sign_reversal,tariff_2,tariff_18,MID,0.5965593391587748,0.5
sign_reversal,tariff_2,tariff_19,MID,-0.20549396506148387,0.5
sign_reversal,tariff_2,tariff_2,MID,0.0,0.5
sign_reversal,tariff_2,tariff_20,MID,-0.07849927055240803,0.5
sign_reversal,tariff_2,tariff_21,MID,-0.25500538585656124,0.5
sign_reversal,tariff_2,tariff_3,MID,-0.012686865162822317,0.5
sign_reversal,tariff_2,tariff_4,MID,0.30991841489994915,0.5
sign_reversal,tariff_2,tariff_5,MID,0.16645312338183055,0.5
sign_reversal,tariff_2,tariff_6,MID,-0.3156714528449456,0.5
sign_reversal,tariff_2,tariff_7,MID,-0.11471491542227426,0.5
sign_reversal,tariff_2,tariff_8,MID,0.09112002258686697,0.5
sign_reversal,tariff_2,tariff_9,MID,-0.26093057625373023,0.5
sign_reversal,tariff_20,tariff_1,HIGH,0.26492068776214994,0.5
sign_reversal,tariff_20,tariff_10,HIGH,-0.017909278081141164,0.5
sign_reversal,tariff_20,tariff_11,HIGH,-0.07557903883427718,0.5
sign_reversal,tariff_20,tariff_12,HIGH,0.20102110730280215,0.5
sign_reversal,tariff_20,tariff_13,HIGH,0.012656402054775674,0.5
sign_reversal,tariff_20,tariff_14,HIGH,0.27916208411920707,0.5
sign_reversal,tariff_20,tariff_15,HIGH,0.3057025975688012,0.5
sign_reversal,tariff_20,tariff_16,HIGH,0.16789261704369662,0.5
sign_reversal,tariff_20,tariff_17,HIGH,-0.0540109223343882,0.5
sign_reversal,tariff_20,tariff_18,HIGH,0.1658603711182692,0.5
sign_reversal,tariff_20,tariff_19,HIGH,-0.2519991035454533,0.5
sign_reversal,tariff_20,tariff_2,HIGH,0.2689125887845671,0.5
sign_reversal,tariff_20,tariff_20,HIGH,0.0,0.5
sign_reversal,tariff_20,tariff_21,HIGH,-0.28643801025682086,0.5
sign_reversal,tariff_20,tariff_3,HIGH,0.11199227500507225,0.5
sign_reversal,tariff_20,tariff_4,HIGH,0.5379968297200856,0.5
sign_reversal,tariff_20,tariff_5,HIGH,0.2273373901774256,0.5
sign_reversal,tariff_20,tariff_6,HIGH,0.09441780799748996,0.5
sign_reversal,tariff_20,tariff_7,HIGH,0.1390229762476903,0.5
sign_reversal,tariff_20,tariff_8,HIGH,-0.04903586587753242,0.5
sign_reversal,tariff_20,tariff_9,HIGH,-0.31471817017000103,0.5
sign_reversal,tariff_20,tariff_1,LOW,-0.013014617600374825,0.5
sign_reversal,tariff_20,tariff_10,LOW,-0.3446124565647207,0.5
sign_reversal,tariff_20,tariff_11,LOW,0.44222874751202823,0.5
sign_reversal,tariff_20,tariff_12,LOW,0.1977726359031285,0.5
sign_reversal,tariff_20,tariff_13,LOW,-0.06204631493711521,0.5
sign_reversal,tariff_20,tariff_14,LOW,0.05085001011837137,0.5
sign_reversal,tariff_20,tariff_15,LOW,-0.11764044423292765,0.5
sign_reversal,tariff_20,tariff_16,LOW,-0.06066456395849583,0.5
sign_reversal,tariff_20,tariff_17,LOW,0.23315804759270442,0.5
sign_reversal,tariff_20,tariff_18,LOW,-0.030971664774966393,0.5
sign_reversal,tariff_20,tariff_19,LOW,-0.06108571424035421,0.5
sign_reversal,tariff_20,tariff_2,LOW,0.14070523623575898,0.5
sign_reversal,tariff_20,tariff_20,LOW,0.0,0.5
sign_reversal,tariff_20,tariff_21,LOW,0.10931951471325554,0.5
sign_reversal,tariff_20,tariff_3,LOW,-0.0008998215504729332,0.5
sign_reversal,tariff_20,tariff_4,LOW,0.43216377485866775,0.5
sign_reversal,tariff_20,tariff_5,LOW,-0.14986094873905825,0.5
sign_reversal,tariff_20,tariff_6,LOW,0.1695148478569201,0.5
sign_reversal,tariff_20,tariff_7,LOW,-0.3842121201264551,0.5
sign_reversal,tariff_20,tariff_8,LOW,-0.02902787332175194,0.5
sign_reversal,tariff_20,tariff_9,LOW,-0.22159642578908811,0.5
sign_reversal,tariff_20,tariff_1,MID,0.04738044159539653,0.5
sign_reversal,tariff_20,tariff_10,MID,0.2424477623830189,0.5
sign_reversal,tariff_20,tariff_11,MID,-0.011107882050188804,0.5
sign_reversal,tariff_20,tariff_12,MID,-0.32839371367324055,0.5
sign_reversal,tariff_20,tariff_13,MID,0.05373867309933521,0.5
sign_reversal,tariff_20,tariff_14,MID,0.8409983941118016,0.5
sign_reversal,tariff_20,tariff_15,MID,-0.1341206300968265,0.5
sign_reversal,tariff_20,tariff_16,MID,0.04237941080833113,0.5
sign_reversal,tariff_20,tariff_17,MID,-0.09190747010292875,0.5
sign_reversal,tariff_20,tariff_18,MID,-0.11464686632680825,0.5
sign_reversal,tariff_20,tariff_19,MID,-0.03624474545106851,0.5
sign_reversal,tariff_20,tariff_2,MID,0.040868991419078717,0.5
sign_reversal,tariff_20,tariff_20,MID,0.0,0.5
sign_reversal,tariff_20,tariff_21,MID,0.42000328768534856,0.5
sign_reversal,tariff_20,tariff_3,MID,0.07339626028771404,0.5
sign_reversal,tariff_20,tariff_4,MID,0.18677715144547039,0.5
sign_reversal,tariff_20,tariff_5,MID,-0.4646486421988277,0.5
sign_reversal,tariff_20,tariff_6,MID,-0.23449523824137747,0.5
sign_reversal,tariff_20,tariff_7,MID,0.3065980614959109,0.5
sign_reversal,tariff_20,tariff_8,MID,0.019476255708999718,0.5
sign_reversal,tariff_20,tariff_9,MID,0.47306816855686673,0.5
sign_reversal,tariff_21,tariff_1,HIGH,-0.24266207076714957,0.5
sign_reversal,tariff_21,tariff_10,HIGH,0.28267703977665853,0.5
sign_reversal,tariff_21,tariff_11,HIGH,-0.20141993417346976,0.5
sign_reversal,tariff_21,tariff_12,HIGH,0.20628933370828767,0.5
sign_reversal,tariff_21,tariff_13,HIGH,-0.2155758169956214,0.5
sign_reversal,tariff_21,tariff_14,HIGH,0.040783863334630785,0.5
sign_reversal,tariff_21,tariff_15,HIGH,0.35250006964923064,0.5
sign_reversal,tariff_21,tariff_16,HIGH,-0.04436233411401429,0.5
sign_reversal,tariff_21,tariff_17,HIGH,-0.2816732778674555,0.5
sign_reversal,tariff_21,tariff_18,HIGH,0.28449390667300184,0.5
sign_reversal,tariff_21,tariff_19,HIGH,0.2793092080683537,0.5
sign_reversal,tariff_21,tariff_2,HIGH,0.3812936336632578,0.5
sign_reversal,tariff_21,tariff_20,HIGH,0.1213584883182792,0.5
sign_reversal,tariff_21,tariff_21,HIGH,0.0,0.5
sign_reversal,tariff_21,tariff_3,HIGH,0.5311242927020488,0.5
sign_reversal,tariff_21,tariff_4,HIGH,0.11776071740305469,0.5
sign_reversal,tariff_21,tariff_5,HIGH,0.27422370011363556,0.5
sign_reversal,tariff_21,tariff_6,HIGH,-0.04389747383084258,0.5
sign_reversal,tariff_21,tariff_7,HIGH,-0.18427434500419304,0.5
sign_reversal,tariff_21,tariff_8,HIGH,-0.11901966722148581,0.5
sign_reversal,tariff_21,tariff_9,HIGH,-0.021004156196689744,0.5
sign_reversal,tariff_21,tariff_1,LOW,-0.0455126616828755,0.5
sign_reversal,tariff_21,tariff_10,LOW,-0.19252119673360973,0.5
sign_reversal,tariff_21,tariff_11,LOW,0.19844087256208554,0.5
sign_reversal,tariff_21,tariff_12,LOW,0.5305652591982394,0.5
sign_reversal,tariff_21,tariff_13,LOW,-0.4018498291757732,0.5
sign_reversal,tariff_21,tariff_14,LOW,-0.0010200845083607121,0.5
sign_reversal,tariff_21,tariff_15,LOW,0.18944759016355528,0.5
sign_reversal,tariff_21,tariff_16,LOW,0.37955816103286005,0.5
sign_reversal,tariff_21,tariff_17,LOW,-0.1789201250448882,0.5
sign_reversal,tariff_21,tariff_18,LOW,-0.16839110564814158,0.5
sign_reversal,tariff_21,tariff_19,LOW,0.3036136975068971,0.5
sign_reversal,tariff_21,tariff_2,LOW,-0.11327156110768842,0.5
sign_reversal,tariff_21,tariff_20,LOW,-0.22527887622913134,0.5
sign_reversal,tariff_21,tariff_21,LOW,0.0,0.5
sign_reversal,tariff_21,tariff_3,LOW,-0.5027041413669197,0.5
sign_reversal,tariff_21,tariff_4,LOW,0.17067288896461053,0.5
sign_reversal,tariff_21,tariff_5,LOW,-0.5692997569754916,0.5
sign_reversal,tariff_21,tariff_6,LOW,0.49611891106104755,0.5
sign_reversal,tariff_21,tariff_7,LOW,-0.3284166637944485,0.5
sign_reversal,tariff_21,tariff_8,LOW,0.4684558953262705,0.5
sign_reversal,tariff_21,tariff_9,LOW,0.051568193678376346,0.5
sign_reversal,tariff_21,tariff_1,MID,0.1275571260812276,0.5
sign_reversal,tariff_21,tariff_10,MID,0.3688280274683219,0.5
sign_reversal,tariff_21,tariff_11,MID,0.28583267729326434,0.5
sign_reversal,tariff_21,tariff_12,MID,0.1644224769083607,0.5
sign_reversal,tariff_21,tariff_13,MID,-0.018122613049138328,0.5
sign_reversal,tariff_21,tariff_14,MID,0.12257387178009595,0.5
sign_reversal,tariff_21,tariff_15,MID,-0.3974287475163515,0.5
sign_reversal,tariff_21,tariff_16,MID,0.32365874676889245,0.5
sign_reversal,tariff_21,tariff_17,MID,-0.1292916952437238,0.5
sign_reversal,tariff_21,tariff_18,MID,0.7297518714647435,0.5
sign_reversal,tariff_21,tariff_19,MID,-0.27451989963348367,0.5
sign_reversal,tariff_21,tariff_2,MID,-0.20284087334306983,0.5
sign_reversal,tariff_21,tariff_20,MID,0.30697998018462097,0.5
sign_reversal,tariff_21,tariff_21,MID,0.0,0.5
sign_reversal,tariff_21,tariff_3,MID,0.11108855159069297,0.5
sign_reversal,tariff_21,tariff_4,MID,0.24953711783045707,0.5
sign_reversal,tariff_21,tariff_5,MID,-0.09566997110055377,0.5
sign_reversal,tariff_21,tariff_6,MID,0.4210516845434152,0.5
sign_reversal,tariff_21,tariff_7,MID,-0.20446488390717638,0.5
sign_reversal,tariff_21,tariff_8,MID,0.17058819986078483,0.5
sign_reversal,tariff_21,tariff_9,MID,-0.37386554570173575,0.5
sign_reversal,tariff_3,tariff_1,HIGH,-0.22160021368354088,0.5
sign_reversal,tariff_3,tariff_10,HIGH,0.13202995136327403,0.5
sign_reversal,tariff_3,tariff_11,HIGH,-0.253727096863618,0.5
sign_reversal,tariff_3,tariff_12,HIGH,0.2031888990687299,0.5
sign_reversal,tariff_3,tariff_13,HIGH,-0.15234181955246312,0.5
sign_reversal,tariff_3,tariff_14,HIGH,-0.07170651988458203,0.5
sign_reversal,tariff_3,tariff_15,HIGH,0.6385814296444359,0.5
sign_reversal,tariff_3,tariff_16,HIGH,0.3380097593808143,0.5
sign_reversal,tariff_3,tariff_17,HIGH,-0.11484629411807702,0.5
sign_reversal,tariff_3,tariff_18,HIGH,0.24105667549416926,0.5
sign_reversal,tariff_3,tariff_19,HIGH,0.3069178276666924,0.5
sign_reversal,tariff_3,tariff_2,HIGH,-0.4099339291923721,0.5
sign_reversal,tariff_3,tariff_20,HIGH,-0.13451829099498103,0.5
sign_reversal,tariff_3,tariff_21,HIGH,0.15396940704146206,0.5
sign_reversal,tariff_3,tariff_3,HIGH,0.0,0.5
sign_reversal,tariff_3,tariff_4,HIGH,0.13535403101281845,0.5
sign_reversal,tariff_3,tariff_5,HIGH,-0.19620998982501664,0.5
sign_reversal,tariff_3,tariff_6,HIGH,-0.24051678862832937,0.5
sign_reversal,tariff_3,tariff_7,HIGH,0.18306417354196636,0.5
sign_reversal,tariff_3,tariff_8,HIGH,0.09357379399546092,0.5
sign_reversal,tariff_3,tariff_9,HIGH,-0.37390998165073935,0.5
sign_reversal,tariff_3,tariff_1,LOW,-0.27058208921876165,0.5
sign_reversal,tariff_3,tariff_10,LOW,0.028740066415273074,0.5
sign_reversal,tariff_3,tariff_11,LOW,-0.1654939200283959,0.5
sign_reversal,tariff_3,tariff_12,LOW,-0.3088799630753204,0.5
sign_reversal,tariff_3,tariff_13,LOW,-0.026199796622828002,0.5
sign_reversal,tariff_3,tariff_14,LOW,-0.2271426552140185,0.5
sign_reversal,tariff_3,tariff_15,LOW,0.004171623796635077,0.5
sign_reversal,tariff_3,tariff_16,LOW,-0.144210503006235,0.5
sign_reversal,tariff_3,tariff_17,LOW,0.396235928785507,0.5
sign_reversal,tariff_3,tariff_18,LOW,0.2349549645161897,0.5
sign_reversal,tariff_3,tariff_19,LOW,0.401718954913737,0.5
sign_reversal,tariff_3,tariff_2,LOW,-0.20492549427786316,0.5
sign_reversal,tariff_3,tariff_20,LOW,0.10190118598232523,0.5
sign_reversal,tariff_3,tariff_21,LOW,0.34677777311556235,0.5
sign_reversal,tariff_3,tariff_3,LOW,0.0,0.5
sign_reversal,tariff_3,tariff_4,LOW,0.16323449633536397,0.5
sign_reversal,tariff_3,tariff_5,LOW,-0.03027339247080127,0.5
sign_reversal,tariff_3,tariff_6,LOW,-0.13019774579346893,0.5
sign_reversal,tariff_3,tariff_7,LOW,0.08918247871208987,0.5
sign_reversal,tariff_3,tariff_8,LOW,0.03662291193621661,0.5
sign_reversal,tariff_3,tariff_9,LOW,-0.3760020759793538,0.5
sign_reversal,tariff_3,tariff_1,MID,0.17379633879075115,0.5
sign_reversal,tariff_3,tariff_10,MID,0.050098106666230796,0.5
sign_reversal,tariff_3,tariff_11,MID,-0.1626404820959339,0.5
sign_reversal,tariff_3,tariff_12,MID,-0.35232045602757284,0.5
sign_reversal,tariff_3,tariff_13,MID,0.17867783305959206,0.5
sign_reversal,tariff_3,tariff_14,MID,0.22797979813375324,0.5
sign_reversal,tariff_3,tariff_15,MID,-0.2626661355325762,0.5
sign_reversal,tariff_3,tariff_16,MID,-0.05740614567527219,0.5
sign_reversal,tariff_3,tariff_17,MID,0.08740286544807788,0.5
sign_reversal,tariff_3,tariff_18,MID,0.025578660612603138,0.5
sign_reversal,tariff_3,tariff_19,MID,0.08839647617199134,0.5
sign_reversal,tariff_3,tariff_2,MID,0.6015230653888961,0.5
sign_reversal,tariff_3,tariff_20,MID,-0.07760086579457161,0.5
sign_reversal,tariff_3,tariff_21,MID,0.12594413616182631,0.5
sign_reversal,tariff_3,tariff_3,MID,0.0,0.5
sign_reversal,tariff_3,tariff_4,MID,0.13577553078559587,0.5
sign_reversal,tariff_3,tariff_5,MID,0.2841716366595419,0.5
sign_reversal,tariff_3,tariff_6,MID,0.14514278333205713,0.5
sign_reversal,tariff_3,tariff_7,MID,0.2810447609629655,0.5
sign_reversal,tariff_3,tariff_8,MID,-0.06738839090124038,0.5
sign_reversal,tariff_3,tariff_9,MID,0.1923681966771189,0.5
sign_reversal,tariff_4,tariff_1,HIGH,-0.2641026238847947,0.5
sign_reversal,tariff_4,tariff_10,HIGH,-0.10543456139833407,0.5
sign_reversal,tariff_4,tariff_11,HIGH,0.0833239420967208,0.5
sign_reversal,tariff_4,tariff_12,HIGH,-0.43883209750916297,0.5
sign_reversal,tariff_4,tariff_13,HIGH,-0.05144169971750155,0.5
sign_reversal,tariff_4,tariff_14,HIGH,0.016207670790407094,0.5
sign_reversal,tariff_4,tariff_15,HIGH,-0.02978360063207966,0.5
sign_reversal,tariff_4,tariff_16,HIGH,0.31242614205559144,0.5
sign_reversal,tariff_4,tariff_17,HIGH,0.18244004939839753,0.5
sign_reversal,tariff_4,tariff_18,HIGH,0.1490749773120115,0.5
sign_reversal,tariff_4,tariff_19,HIGH,-0.1732906049302691,0.5
sign_reversal,tariff_4,tariff_2,HIGH,0.13216227969853228,0.5
sign_reversal,tariff_4,tariff_20,HIGH,-0.23049090019816376,0.5
sign_reversal,tariff_4,tariff_21,HIGH,0.5923634875666619,0.5
sign_reversal,tariff_4,tariff_3,HIGH,0.13019764881559123,0.5
sign_reversal,tariff_4,tariff_4,HIGH,0.0,0.5
sign_reversal,tariff_4,tariff_5,HIGH,0.12239932865163142,0.5
sign_reversal,tariff_4,tariff_6,HIGH,-0.014495644513202288,0.5
sign_reversal,tariff_4,tariff_7,HIGH,0.5838934213046398,0.5
sign_reversal,tariff_4,tariff_8,HIGH,0.19288935126609785,0.5
sign_reversal,tariff_4,tariff_9,HIGH,-0.16853524644176393,0.5
sign_reversal,tariff_4,tariff_1,LOW,-0.06620272428707269,0.5
sign_reversal,tariff_4,tariff_10,LOW,-0.37280571427877723,0.5
sign_reversal,tariff_4,tariff_11,LOW,0.5639375310085115,0.5
sign_reversal,tariff_4,tariff_12,LOW,-0.18547133550361544,0.5
sign_reversal,tariff_4,tariff_13,LOW,-0.10879210568866951,0.5
sign_reversal,tariff_4,tariff_14,LOW,0.1323723646233,0.5
sign_reversal,tariff_4,tariff_15,LOW,0.2871952463217827,0.5
sign_reversal,tariff_4,tariff_16,LOW,0.4461680201237206,0.5
sign_reversal,tariff_4,tariff_17,LOW,0.2794829044054488,0.5
sign_reversal,tariff_4,tariff_18,LOW,0.2812814576031853,0.5
sign_reversal,tariff_4,tariff_19,LOW,0.1454235459993107,0.5
sign_reversal,tariff_4,tariff_2,LOW,-0.05245783509011487,0.5
sign_reversal,tariff_4,tariff_20,LOW,-0.20345370641260785,0.5
sign_reversal,tariff_4,tariff_21,LOW,-0.05214638182264307,0.5
sign_reversal,tariff_4,tariff_3,LOW,0.05027227244272075,0.5
sign_reversal,tariff_4,tariff_4,LOW,0.0,0.5
sign_reversal,tariff_4,tariff_5,LOW,0.08582430930005086,0.5
sign_reversal,tariff_4,tariff_6,LOW,0.20778682552652716,0.5
sign_reversal,tariff_4,tariff_7,LOW,-0.10109008465030762,0.5
sign_reversal,tariff_4,tariff_8,LOW,0.1511784087113184,0.5
sign_reversal,tariff_4,tariff_9,LOW,-0.0953468211060956,0.5
sign_reversal,tariff_4,tariff_1,MID,0.2915330752266282,0.5
sign_reversal,tariff_4,tariff_10,MID,-0.1806189959848005,0.5
sign_reversal,tariff_4,tariff_11,MID,0.32260131298816136,0.5
sign_reversal,tariff_4,tariff_12,MID,0.12516473929616997,0.5
sign_reversal,tariff_4,tariff_13,MID,0.33559130740716564,0.5
sign_reversal,tariff_4,tariff_14,MID,-0.03024408361245283,0.5
sign_reversal,tariff_4,tariff_15,MID,0.41573413868982,0.5
sign_reversal,tariff_4,tariff_16,MID,-0.034353006293433797,0.5
sign_reversal,tariff_4,tariff_17,MID,-0.012025237632408849,0.5
sign_reversal,tariff_4,tariff_18,MID,-0.23025721748287376,0.5
sign_reversal,tariff_4,tariff_19,MID,0.30359538731951174,0.5
sign_reversal,tariff_4,tariff_2,MID,-0.06339596108121921,0.5
sign_reversal,tariff_4,tariff_20,MID,0.02414621590078662,0.5
sign_reversal,tariff_4,tariff_21,MID,0.2880802828778472,0.5
sign_reversal,tariff_4,tariff_3,MID,-0.23526183155120534,0.5
sign_reversal,tariff_4,tariff_4,MID,0.0,0.5
sign_reversal,tariff_4,tariff_5,MID,0.005173229291714369,0.5
sign_reversal,tariff_4,tariff_6,MID,0.07037214206315047,0.5
sign_reversal,tariff_4,tariff_7,MID,-0.0527573812677854,0.5
sign_reversal,tariff_4,tariff_8,MID,-0.5022925545228651,0.5
sign_reversal,tariff_4,tariff_9,MID,0.06105739153029485,0.5
sign_reversal,tariff_5,tariff_1,HIGH,0.36155371470090397,0.5
sign_reversal,tariff_5,tariff_10,HIGH,-0.62193030098254,0.5
sign_reversal,tariff_5,tariff_11,HIGH,0.13344286644655284,0.5
sign_reversal,tariff_5,tariff_12,HIGH,0.12634221803722567,0.5
sign_reversal,tariff_5,tariff_13,HIGH,0.46091824542784443,0.5
sign_reversal,tariff_5,tariff_14,HIGH,-0.04185940903927038,0.5
sign_reversal,tariff_5,tariff_15,HIGH,0.10054536572842535,0.5
sign_reversal,tariff_5,tariff_16,HIGH,-0.08972290877087206,0.5
sign_reversal,tariff_5,tariff_17,HIGH,-0.3595011957298049,0.5
sign_reversal,tariff_5,tariff_18,HIGH,-0.15494667783204413,0.5
sign_reversal,tariff_5,tariff_19,HIGH,0.297615428353601,0.5
sign_reversal,tariff_5,tariff_2,HIGH,-0.21323604753784114,0.5
sign_reversal,tariff_5,tariff_20,HIGH,0.2576970849565393,0.5
sign_reversal,tariff_5,tariff_21,HIGH,-0.14041679544523672,0.5
sign_reversal,tariff_5,tariff_3,HIGH,0.14378734792069064,0.5
sign_reversal,tariff_5,tariff_4,HIGH,0.27731895399336726,0.5
sign_reversal,tariff_5,tariff_5,HIGH,0.0,0.5
sign_reversal,tariff_5,tariff_6,HIGH,0.2489539446217801,0.5
sign_reversal,tariff_5,tariff_7,HIGH,0.1388127404096331,0.5
sign_reversal,tariff_5,tariff_8,HIGH,-0.21580548226233556,0.5
sign_reversal,tariff_5,tariff_9,HIGH,0.09731394424064904,0.5
sign_reversal,tariff_5,tariff_1,LOW,0.4683121802926313,0.5
sign_reversal,tariff_5,tariff_10,LOW,-0.17458866107329624,0.5
sign_reversal,tariff_5,tariff_11,LOW,-0.1529577751807842,0.5
sign_reversal,tariff_5,tariff_12,LOW,0.15032190530386005,0.5
sign_reversal,tariff_5,tariff_13,LOW,-0.27207578379150915,0.5
sign_reversal,tariff_5,tariff_14,LOW,-0.0340801055864982,0.5
sign_reversal,tariff_5,tariff_15,LOW,-0.14499022249562749,0.5
sign_reversal,tariff_5,tariff_16,LOW,0.3039392949953612,0.5
sign_reversal,tariff_5,tariff_17,LOW,-0.18758903569525742,0.5
sign_reversal,tariff_5,tariff_18,LOW,-0.004025153221205058,0.5
sign_reversal,tariff_5,tariff_19,LOW,-0.3423553743166777,0.5
sign_reversal,tariff_5,tariff_2,LOW,0.30797295712352046,0.5
sign_reversal,tariff_5,tariff_20,LOW,0.23437126483441367,0.5
sign_reversal,tariff_5,tariff_21,LOW,-0.08253909575400399,0.5
sign_reversal,tariff_5,tariff_3,LOW,0.5771451590883224,0.5
sign_reversal,tariff_5,tariff_4,LOW,0.3927361055230853,0.5
sign_reversal,tariff_5,tariff_5,LOW,0.0,0.5
sign_reversal,tariff_5,tariff_6,LOW,0.11319552783836064,0.5
sign_reversal,tariff_5,tariff_7,LOW,-0.32476074053827964,0.5
sign_reversal,tariff_5,tariff_8,LOW,0.08300115707908398,0.5
sign_reversal,tariff_5,tariff_9,LOW,-0.28526023671464207,0.5
sign_reversal,tariff_5,tariff_1,MID,-0.19672880824576874,0.5
sign_reversal,tariff_5,tariff_10,MID,0.257545526265755,0.5
sign_reversal,tariff_5,tariff_11,MID,0.2835506376646262,0.5
sign_reversal,tariff_5,tariff_12,MID,0.09820133654054475,0.5
sign_reversal,tariff_5,tariff_13,MID,0.05836969305639001,0.5
sign_reversal,tariff_5,tariff_14,MID,0.31816446441639584,0.5
sign_reversal,tariff_5,tariff_15,MID,0.21612555522808824,0.5
sign_reversal,tariff_5,tariff_16,MID,0.075413565073177,0.5
sign_reversal,tariff_5,tariff_17,MID,0.43296392220062957,0.5
sign_reversal,tariff_5,tariff_18,MID,-0.1578525614620495,0.5
sign_reversal,tariff_5,tariff_19,MID,-0.23559026474852673,0.5
sign_reversal,tariff_5,tariff_2,MID,0.19637190970606233,0.5
sign_reversal,tariff_5,tariff_20,MID,0.09548132018394734,0.5
sign_reversal,tariff_5,tariff_21,MID,-0.14702689348289893,0.5
sign_reversal,tariff_5,tariff_3,MID,-0.1415161587452532,0.5
sign_reversal,tariff_5,tariff_4,MID,-0.28003094298631936,0.5
sign_reversal,tariff_5,tariff_5,MID,0.0,0.5
sign_reversal,tariff_5,tariff_6,MID,0.20545946803007487,0.5
sign_reversal,tariff_5,tariff_7,MID,-0.17856158154171198,0.5
sign_reversal,tariff_5,tariff_8,MID,0.03244548279122911,0.5
sign_reversal,tariff_5,tariff_9,MID,-0.1442953440666338,0.5
sign_reversal,tariff_6,tariff_1,HIGH,0.270138545228686,0.5
sign_reversal,tariff_6,tariff_10,HIGH,0.27461673515299695,0.5
sign_reversal,tariff_6,tariff_11,HIGH,-0.124855337522036,0.5
sign_reversal,tariff_6,tariff_12,HIGH,0.2208091493399027,0.5
sign_reversal,tariff_6,tariff_13,HIGH,0.3356019016483136,0.5
sign_reversal,tariff_6,tariff_14,HIGH,0.6363496105076022,0.5
sign_reversal,tariff_6,tariff_15,HIGH,0.3288897608619308,0.5
sign_reversal,tariff_6,tariff_16,HIGH,0.06996623875127439,0.5
sign_reversal,tariff_6,tariff_17,HIGH,-0.3983190703364229,0.5
sign_reversal,tariff_6,tariff_18,HIGH,0.14976949423328573,0.5
sign_reversal,tariff_6,tariff_19,HIGH,0.10406816038025285,0.5
sign_reversal,tariff_6,tariff_2,HIGH,0.11686835355381428,0.5
sign_reversal,tariff_6,tariff_20,HIGH,0.1633581884547776,0.5
sign_reversal,tariff_6,tariff_21,HIGH,-0.054633541894954674,0.5
sign_reversal,tariff_6,tariff_3,HIGH,-0.22633006740274336,0.5
sign_reversal,tariff_6,tariff_4,HIGH,-0.10309748733289067,0.5
sign_reversal,tariff_6,tariff_5,HIGH,0.14265815959129646,0.5
sign_reversal,tariff_6,tariff_6,HIGH,0.0,0.5
sign_reversal,tariff_6,tariff_7,HIGH,-0.26511467748133327,0.5
sign_reversal,tariff_6,tariff_8,HIGH,-0.12792646952367442,0.5
sign_reversal,tariff_6,tariff_9,HIGH,0.07119695371305598,0.5
sign_reversal,tariff_6,tariff_1,LOW,0.012581895078365796,0.5
sign_reversal,tariff_6,tariff_10,LOW,0.012315604909689843,0.5
sign_reversal,tariff_6,tariff_11,LOW,0.36090030262114375,0.5
sign_reversal,tariff_6,tariff_12,LOW,0.09922395273216869,0.5
sign_reversal,tariff_6,tariff_13,LOW,-0.42646032872799894,0.5
sign_reversal,tariff_6,tariff_14,LOW,0.05140657846382974,0.5
sign_reversal,tariff_6,tariff_15,LOW,-0.054924308228201074,0.5
sign_reversal,tariff_6,tariff_16,LOW,0.22356720005421615,0.5
sign_reversal,tariff_6,tariff_17,LOW,0.27883004297140873,0.5
sign_reversal,tariff_6,tariff_18,LOW,-0.03626065918076525,0.5
sign_reversal,tariff_6,tariff_19,LOW,0.16010357527723154,0.5
sign_reversal,tariff_6,tariff_2,LOW,0.20035138729362278,0.5
sign_reversal,tariff_6,tariff_20,LOW,0.08498247536216674,0.5
sign_reversal,tariff_6,tariff_21,LOW,-0.6149117307549223,0.5
sign_reversal,tariff_6,tariff_3,LOW,0.022804723814606763,0.5
sign_reversal,tariff_6,tariff_4,LOW,-0.08119295873515986,0.5
sign_reversal,tariff_6,tariff_5,LOW,-0.21347168432806019,0.5
sign_reversal,tariff_6,tariff_6,LOW,0.0,0.5
sign_reversal,tariff_6,tariff_7,LOW,-0.12483293650829848,0.5
sign_reversal,tariff_6,tariff_8,LOW,-0.07937537872936026,0.5
sign_reversal,tariff_6,tariff_9,LOW,-0.162597457033918,0.5
sign_reversal,tariff_6,tariff_1,MID,0.2363507359637704,0.5
sign_reversal,tariff_6,tariff_10,MID,-0.20513310089977743,0.5
sign_reversal,tariff_6,tariff_11,MID,-0.21961849385461824,0.5
sign_reversal,tariff_6,tariff_12,MID,0.04019370779992798,0.5
sign_reversal,tariff_6,tariff_13,MID,0.15765676505455747,0.5
sign_reversal,tariff_6,tariff_14,MID,0.41515468347671286,0.5
sign_reversal,tariff_6,tariff_15,MID,0.10312325628934989,0.5
sign_reversal,tariff_6,tariff_16,MID,0.08410522132247866,0.5
sign_reversal,tariff_6,tariff_17,MID,0.013966902767681748,0.5
sign_reversal,tariff_6,tariff_18,MID,-0.018511852324660502,0.5
sign_reversal,tariff_6,tariff_19,MID,0.11428436007254755,0.5
sign_reversal,tariff_6,tariff_2,MID,0.35626099026180164,0.5
sign_reversal,tariff_6,tariff_20,MID,0.07741676555911844,0.5
sign_reversal,tariff_6,tariff_21,MID,0.2607254287677968,0.5
sign_reversal,tariff_6,tariff_3,MID,0.12345408937805269,0.5
sign_reversal,tariff_6,tariff_4,MID,-0.03833720892483858,0.5
sign_reversal,tariff_6,tariff_5,MID,-0.360926933117771,0.5
sign_reversal,tariff_6,tariff_6,MID,0.0,0.5
sign_reversal,tariff_6,tariff_7,MID,0.21393506128148831,0.5
sign_reversal,tariff_6,tariff_8,MID,-0.19866992082147952,0.5
sign_reversal,tariff_6,tariff_9,MID,0.6604984693223641,0.5
sign_reversal,tariff_7,tariff_1,HIGH,-0.08067718836808724,0.5
sign_reversal,tariff_7,tariff_10,HIGH,0.30296937704606974,0.5
sign_reversal,tariff_7,tariff_11,HIGH,0.4700161108204566,0.5
sign_reversal,tariff_7,tariff_12,HIGH,0.050300742715851804,0.5
sign_reversal,tariff_7,tariff_13,HIGH,-0.1550345036756321,0.5
sign_reversal,tariff_7,tariff_14,HIGH,-0.17362333713421357,0.5
sign_reversal,tariff_7,tariff_15,HIGH,-0.20260411357971686,0.5
sign_reversal,tariff_7,tariff_16,HIGH,-0.400382925418772,0.5
sign_reversal,tariff_7,tariff_17,HIGH,0.4902828140827863,0.5
sign_reversal,tariff_7,tariff_18,HIGH,0.13257428741576288,0.5
sign_reversal,tariff_7,tariff_19,HIGH,0.273752049540288,0.5
sign_reversal,tariff_7,tariff_2,HIGH,0.20821697441132853,0.5
sign_reversal,tariff_7,tariff_20,HIGH,-0.15839355488630402,0.5
sign_reversal,tariff_7,tariff_21,HIGH,-0.05773145175966986,0.5
sign_reversal,tariff_7,tariff_3,HIGH,0.34961595348917224,0.5
sign_reversal,tariff_7,tariff_4,HIGH,-0.22736940649564702,0.5
sign_reversal,tariff_7,tariff_5,HIGH,0.03495342869340557,0.5
sign_reversal,tariff_7,tariff_6,HIGH,0.48511998772468645,0.5
sign_reversal,tariff_7,tariff_7,HIGH,0.0,0.5
sign_reversal,tariff_7,tariff_8,HIGH,0.04561361016867606,0.5
sign_reversal,tariff_7,tariff_9,HIGH,0.17272790795286416,0.5
sign_reversal,tariff_7,tariff_1,LOW,0.14865794640138424,0.5
sign_reversal,tariff_7,tariff_10,LOW,-0.0065907084595023015,0.5
sign_reversal,tariff_7,tariff_11,LOW,0.18165640255260673,0.5
sign_reversal,tariff_7,tariff_12,LOW,0.04263328147951238,0.5
sign_reversal,tariff_7,tariff_13,LOW,0.008327524774561085,0.5
sign_reversal,tariff_7,tariff_14,LOW,-0.3441171407026674,0.5
sign_reversal,tariff_7,tariff_15,LOW,-0.12892296946539855,0.5
sign_reversal,tariff_7,tariff_16,LOW,0.5374419137614432,0.5
sign_reversal,tariff_7,tariff_17,LOW,-0.1116281429108109,0.5
sign_reversal,tariff_7,tariff_18,LOW,0.36035853217499186,0.5
sign_reversal,tariff_7,tariff_19,LOW,-0.17246169877637652,0.5
sign_reversal,tariff_7,tariff_2,LOW,0.14164743029417803,0.5
sign_reversal,tariff_7,tariff_20,LOW,-0.3005857838966286,0.5
sign_reversal,tariff_7,tariff_21,LOW,0.1591132160252383,0.5
sign_reversal,tariff_7,tariff_3,LOW,-0.48143266667715395,0.5
sign_reversal,tariff_7,tariff_4,LOW,-0.11042566704849993,0.5
sign_reversal,tariff_7,tariff_5,LOW,-0.022562426557050125,0.5
sign_reversal,tariff_7,tariff_6,LOW,-0.23078846234933165,0.5
sign_reversal,tariff_7,tariff_7,LOW,0.0,0.5
sign_reversal,tariff_7,tariff_8,LOW,0.1123795917122242,0.5
sign_reversal,tariff_7,tariff_9,LOW,-0.6102553940721994,0.5
sign_reversal,tariff_7,tariff_1,MID,-0.17687703538917518,0.5
sign_reversal,tariff_7,tariff_10,MID,-0.10308713758888767,0.5
sign_reversal,tariff_7,tariff_11,MID,0.3511514169945209,0.5
sign_reversal,tariff_7,tariff_12,MID,0.050618868971903444,0.5
sign_reversal,tariff_7,tariff_13,MID,0.895936085803493,0.5
sign_reversal,tariff_7,tariff_14,MID,-0.11400399899832926,0.5
sign_reversal,tariff_7,tariff_15,MID,-0.23139930707890416,0.5
sign_reversal,tariff_7,tariff_16,MID,0.08305133536307027,0.5
sign_reversal,tariff_7,tariff_17,MID,0.1899823205974014,0.5
sign_reversal,tariff_7,tariff_18,MID,-0.08682447065469139,0.5
sign_reversal,tariff_7,tariff_19,MID,0.07004377203158532,0.5
sign_reversal,tariff_7,tariff_2,MID,-0.02974541001023022,0.5
sign_reversal,tariff_7,tariff_20,MID,-0.35348965501265567,0.5
sign_reversal,tariff_7,tariff_21,MID,0.08770122153935965,0.5
sign_reversal,tariff_7,tariff_3,MID,0.3656525781951222,0.5
sign_reversal,tariff_7,tariff_4,MID,0.49142268818810636,0.5
sign_reversal,tariff_7,tariff_5,MID,-0.18113048226811695,0.5
sign_reversal,tariff_7,tariff_6,MID,-0.13987594773387385,0.5
sign_reversal,tariff_7,tariff_7,MID,0.0,0.5
sign_reversal,tariff_7,tariff_8,MID,0.04623333434018034,0.5
sign_reversal,tariff_7,tariff_9,MID,0.09966152778747794,0.5
sign_reversal,tariff_8,tariff_1,HIGH,0.10298416284747902,0.5
sign_reversal,tariff_8,tariff_10,HIGH,-0.5689203834314965,0.5
sign_reversal,tariff_8,tariff_11,HIGH,-0.013496081512506539,0.5
sign_reversal,tariff_8,tariff_12,HIGH,0.6174594365285334,0.5
sign_reversal,tariff_8,tariff_13,HIGH,0.16353326478110664,0.5
sign_reversal,tariff_8,tariff_14,HIGH,-0.049015854791186086,0.5
sign_reversal,tariff_8,tariff_15,HIGH,0.3617908465070719,0.5
sign_reversal,tariff_8,tariff_16,HIGH,0.4437032755031972,0.5
sign_reversal,tariff_8,tariff_17,HIGH,0.3675717227509371,0.5
sign_reversal,tariff_8,tariff_18,HIGH,-0.1749285326652661,0.5
sign_reversal,tariff_8,tariff_19,HIGH,-0.03938181381719935,0.5
sign_reversal,tariff_8,tariff_2,HIGH,-0.23055650686715962,0.5
sign_reversal,tariff_8,tariff_20,HIGH,-0.04439224167131954,0.5
sign_reversal,tariff_8,tariff_21,HIGH,0.636669728032513,0.5
sign_reversal,tariff_8,tariff_3,HIGH,-0.24170570843318084,0.5
sign_reversal,tariff_8,tariff_4,HIGH,0.04511745524947669,0.5
sign_reversal,tariff_8,tariff_5,HIGH,0.13868288373878296,0.5
sign_reversal,tariff_8,tariff_6,HIGH,0.14854852935966356,0.5
sign_reversal,tariff_8,tariff_7,HIGH,0.1809655551908269,0.5
sign_reversal,tariff_8,tariff_8,HIGH,0.0,0.5
sign_reversal,tariff_8,tariff_9,HIGH,0.2518854929772869,0.5
sign_reversal,tariff_8,tariff_1,LOW,-0.09076151945581973,0.5
sign_reversal,tariff_8,tariff_10,LOW,-0.37914283511697333,0.5
sign_reversal,tariff_8,tariff_11,LOW,-0.07292962194267016,0.5
sign_reversal,tariff_8,tariff_12,LOW,0.1212424052072506,0.5
sign_reversal,tariff_8,tariff_13,LOW,-0.11084586644721002,0.5
sign_reversal,tariff_8,tariff_14,LOW,-0.11652378424467137,0.5
sign_reversal,tariff_8,tariff_15,LOW,-0.21990787594251165,0.5
sign_reversal,tariff_8,tariff_16,LOW,-0.15674101761004638,0.5
sign_reversal,tariff_8,tariff_17,LOW,0.25984488899270974,0.5
sign_reversal,tariff_8,tariff_18,LOW,-0.0883589067865909,0.5
sign_reversal,tariff_8,tariff_19,LOW,0.057877656561767535,0.5
sign_reversal,tariff_8,tariff_2,LOW,0.15704225604643368,0.5
sign_reversal,tariff_8,tariff_20,LOW,-0.20934119618133296,0.5
sign_reversal,tariff_8,tariff_21,LOW,0.03732384829421304,0.5
sign_reversal,tariff_8,tariff_3,LOW,-0.14182943517472502,0.5
sign_reversal,tariff_8,tariff_4,LOW,-0.12445780600778547,0.5
sign_reversal,tariff_8,tariff_5,LOW,0.3503774974907814,0.5
sign_reversal,tariff_8,tariff_6,LOW,0.43691014385672655,0.5
sign_reversal,tariff_8,tariff_7,LOW,0.4001163515334096,0.5
sign_reversal,tariff_8,tariff_8,LOW,0.0,0.5
sign_reversal,tariff_8,tariff_9,LOW,-0.7472746780300905,0.5
sign_reversal,tariff_8,tariff_1,MID,-0.06217812909729826,0.5
sign_reversal,tariff_8,tariff_10,MID,-0.038082824052383946,0.5
sign_reversal,tariff_8,tariff_11,MID,-0.29284874279235623,0.5
sign_reversal,tariff_8,tariff_12,MID,0.05845969943450353,0.5
sign_reversal,tariff_8,tariff_13,MID,-0.3307048917043465,0.5
sign_reversal,tariff_8,tariff_14,MID,0.501422982991175,0.5
sign_reversal,tariff_8,tariff_15,MID,-0.21238947966614213,0.5
sign_reversal,tariff_8,tariff_16,MID,-0.06463635645613161,0.5
sign_reversal,tariff_8,tariff_17,MID,0.03665211569314809,0.5
sign_reversal,tariff_8,tariff_18,MID,-0.06679382977775712,0.5
sign_reversal,tariff_8,tariff_19,MID,0.45872235098953185,0.5
sign_reversal,tariff_8,tariff_2,MID,0.2518584872289078,0.5
sign_reversal,tariff_8,tariff_20,MID,-0.008509966065320833,0.5
sign_reversal,tariff_8,tariff_21,MID,0.40993013442393805,0.5
sign_reversal,tariff_8,tariff_3,MID,-0.13611508331918376,0.5
sign_reversal,tariff_8,tariff_4,MID,-0.0060386324783363865,0.5
sign_reversal,tariff_8,tariff_5,MID,-0.06112956485823198,0.5
sign_reversal,tariff_8,tariff_6,MID,-0.08642105649020317,0.5
sign_reversal,tariff_8,tariff_7,MID,-0.1463769110244103,0.5
sign_reversal,tariff_8,tariff_8,MID,0.0,0.5
sign_reversal,tariff_8,tariff_9,MID,0.016406515145036007,0.5
sign_reversal,tariff_9,tariff_1,HIGH,0.29976705833685513,0.5
sign_reversal,tariff_9,tariff_10,HIGH,0.001260078135149778,0.5
sign_reversal,tariff_9,tariff_11,HIGH,0.09761066557272766,0.5
sign_reversal,tariff_9,tariff_12,HIGH,0.14077439732364688,0.5
sign_reversal,tariff_9,tariff_13,HIGH,0.512936967420508,0.5
sign_reversal,tariff_9,tariff_14,HIGH,-0.0634915226991409,0.5
sign_reversal,tariff_9,tariff_15,HIGH,-0.42980848660090437,0.5
sign_reversal,tariff_9,tariff_16,HIGH,-0.11209361608181594,0.5
sign_reversal,tariff_9,tariff_17,HIGH,-0.30743633458965686,0.5
sign_reversal,tariff_9,tariff_18,HIGH,0.2446845339075105,0.5
sign_reversal,tariff_9,tariff_19,HIGH,0.465530041011952,0.5
sign_reversal,tariff_9,tariff_2,HIGH,0.1985220493187323,0.5
sign_reversal,tariff_9,tariff_20,HIGH,-0.007508290127714548,0.5
sign_reversal,tariff_9,tariff_21,HIGH,0.057544652473838186,0.5
sign_reversal,tariff_9,tariff_3,HIGH,0.1205919029602411,0.5
sign_reversal,tariff_9,tariff_4,HIGH,-0.13055117918931866,0.5
sign_reversal,tariff_9,tariff_5,HIGH,-0.4458840392614306,0.5
sign_reversal,tariff_9,tariff_6,HIGH,-0.13967900873916372,0.5
sign_reversal,tariff_9,tariff_7,HIGH,-0.0874333973864821,0.5
sign_reversal,tariff_9,tariff_8,HIGH,0.3334415600900568,0.5
sign_reversal,tariff_9,tariff_9,HIGH,0.0,0.5
sign_reversal,tariff_9,tariff_1,LOW,0.20118679553181884,0.5
sign_reversal,tariff_9,tariff_10,LOW,0.4423735597423986,0.5
sign_reversal,tariff_9,tariff_11,LOW,0.16202421952292823,0.5
sign_reversal,tariff_9,tariff_12,LOW,-0.03752857799311042,0.5
sign_reversal,tariff_9,tariff_13,LOW,-0.030911265348945394,0.5
sign_reversal,tariff_9,tariff_14,LOW,-0.27365730770652685,0.5
sign_reversal,tariff_9,tariff_15,LOW,-0.14249309585341358,0.5
sign_reversal,tariff_9,tariff_16,LOW,0.32372186269913283,0.5
sign_reversal,tariff_9,tariff_17,LOW,-0.07498132039780131,0.5
sign_reversal,tariff_9,tariff_18,LOW,-0.5499639175737352,0.5
sign_reversal,tariff_9,tariff_19,LOW,-0.2853067361359442,0.5
sign_reversal,tariff_9,tariff_2,LOW,-0.016607638434116265,0.5
sign_reversal,tariff_9,tariff_20,LOW,-0.0412483805090131,0.5
sign_reversal,tariff_9,tariff_21,LOW,0.1879951936659197,0.5
sign_reversal,tariff_9,tariff_3,LOW,-0.0591252952762789,0.5
sign_reversal,tariff_9,tariff_4,LOW,0.007589886868653042,0.5
sign_reversal,tariff_9,tariff_5,LOW,0.3032246250865272,0.5
sign_reversal,tariff_9,tariff_6,LOW,-0.2735124580580523,0.5
sign_reversal,tariff_9,tariff_7,LOW,-0.030650397877829902,0.5
sign_reversal,tariff_9,tariff_8,LOW,-0.3828024718881166,0.5
sign_reversal,tariff_9,tariff_9,LOW,0.0,0.5
sign_reversal,tariff_9,tariff_1,MID,0.11050649404781368,0.5
sign_reversal,tariff_9,tariff_10,MID,0.1369869996683639,0.5
sign_reversal,tariff_9,tariff_11,MID,-0.18248311293199976,0.5
sign_reversal,tariff_9,tariff_12,MID,0.016817056207998157,0.5
sign_reversal,tariff_9,tariff_13,MID,-0.17413296633963313,0.5
sign_reversal,tariff_9,tariff_14,MID,0.018918630622592175,0.5
sign_reversal,tariff_9,tariff_15,MID,0.21939826663614553,0.5
sign_reversal,tariff_9,tariff_16,MID,-0.08279201010184746,0.5
sign_reversal,tariff_9,tariff_17,MID,-0.05523624956425986,0.5
sign_reversal,tariff_9,tariff_18,MID,0.1204201784534405,0.5
sign_reversal,tariff_9,tariff_19,MID,-0.2694430012999611,0.5
sign_reversal,tariff_9,tariff_2,MID,-0.0435336612426912,0.5
sign_reversal,tariff_9,tariff_20,MID,0.3647419726817392,0.5
sign_reversal,tariff_9,tariff_21,MID,0.0361803207069017,0.5
sign_reversal,tariff_9,tariff_3,MID,0.08120270962818835,0.5
sign_reversal,tariff_9,tariff_4,MID,-0.1290017512598171,0.5
sign_reversal,tariff_9,tariff_5,MID,-0.13065562737401204,0.5
sign_reversal,tariff_9,tariff_6,MID,-0.15471989655910823,0.5
sign_reversal,tariff_9,tariff_7,MID,0.03246018526208559,0.5
sign_reversal,tariff_9,tariff_8,MID,-0.03712468404552917,0.5
sign_reversal,tariff_9,tariff_9,MID,0.0,0.5
